:020000040800F2
:1000000010AD002061020008854B00080F3D00087C
:10001000814B0008910B0008A16800080000000057
:10002000000000000000000000000000A101000826
:100030004F0E000800000000FD010008B16000083C
:100040007B0200087B0200087B0200087B0200089C
:100050007B0200087B0200087B0200087B0200088C
:100060007B0200087B0200087B0200087B0200087C
:100070007B0200087B0200087B0200087B0200086C
:100080007B0200087B0200087B0200087B0200085C
:100090007B0200087B0200087B0200087B0200084C
:1000A0007B0200087B0200087B0200087B0200083C
:1000B000916100087B0200087B0200087B020008B7
:1000C0007B0200087B0200087B0200087B0200081C
:1000D0007B0200087B0200087B0200087B0200080C
:1000E0007B0200087B0200087B0200087B020008FC
:1000F0007B0200087B0200087B0200087B020008EC
:100100007B020008614C00087B0200087B020008AB
:100110007B0200087B0200087B0200087B020008CB
:100120007B0200087B0200087B020008250D000806
:100130007B0200087B0200087B0200087B020008AB
:100140007B0200087B0200087B0200087B0200089B
:100150007B020008350D00087B0200087B020008C6
:100160007B0200087B0200087B0200087B0200087B
:100170007B0200087B0200087B02000800000000F0
:100180007B0200087B020008DFF810D000F080FB43
:100190000048004715A90008AFF3008010AD00200B
:1001A0002C4B19680868B0E8F04F80F30988BFF35A
:1001B0006F8F4FF0000080F311887047000000003F
:1001C00008480068006880F308884FF0000080F35A
:1001D000148862B661B6BFF34F8FBFF36F8F00DF35
:1001E00000BF00BF08ED00E0DFF80C00016841F43B
:1001F00070010160704700BF88ED00E0EFF30980F7
:10020000BFF36F8F134B1A681EF0100F08BF20ED5D
:10021000108A20E9F04F106009B44FF0500080F3CD
:100220001188BFF34F8FBFF36F8F0CF0FBFA4FF0C5
:10023000000080F3118809BC19680868B0E8F04F25
:100240001EF0100F08BFB0EC108A80F30988BFF3CE
:100250006F8F704704010020EFF3058070470000A6
:100260000648804706480047FEE7FEE7FEE7FEE750
:10027000FEE7FEE7FEE7FEE7FEE7FEE77D6100083A
:10028000890100082DE9F05F0546002092469B4653
:1002900088460646814640241BE02846414647469C
:1002A000224600F056F953465A46C01A914110D3DF
:1002B00011461846224600F03DF92D1A67EB010859
:1002C0004F4622460120002100F034F917EB0009C7
:1002D0004E41201EA4F10104DFDC484631462A4687
:1002E0004346BDE8F09F40EA01039B0703D009E0C5
:1002F00008C9121F08C0042AFAD203E011F8013B12
:1003000000F8013B521EF9D27047D2B201E000F86A
:10031000012B491EFBD270470022F6E710B51346A9
:100320000A4604461946FFF7F0FF204610BD421E5C
:1003300012F8013F002BFBD111F8013B02F8013B01
:10034000002BF9D17047421C10F8011B0029FBD18A
:10035000801A704730B504460020034600E05B1C5D
:10036000934203D2E05CCD5C401BF8D030BD034625
:1003700011F8012B00F8012B002AF9D1184670471B
:100380002DE9F04D81EA030404F0004B21F0004513
:1003900014464FF0000A23F0004150EA050220D035
:1003A00054EA01021DD0C5F30A570246C5F31303F0
:1003B000C1F31300C1F30A5640F4801543F48013CF
:1003C000A7EB0608101BD64608F2FD3873EB0500B4
:1003D00002D308F1010801E092185B41B8F1000F67
:1003E00003DA00200146BDE8F08D00204FF48011B3
:1003F000064684460EE0171B73EB050705D3121B58
:1004000063EB050306434CEA010C49084FEA300050
:1004100092185B4150EA0107EDD152EA030012D075
:1004200082EA040083EA0501084305D0101BAB41B2
:1004300006D20122002306E000224FF0004302E032
:100440006FF0010253101AEB06004CEB085110EB51
:100450000A0041EB0B01BDE8F04D00F08AB80EB583
:10046000C10F80EAE0700844CA07002140F233431C
:100470008DE80E000A460B4600F08AF803B000BD76
:1004800000F0004230F000400AD0C10D01F560716B
:10049000C0F3160042EA0151C208400711437047F9
:1004A000002001467047000030B5041E71F10004C1
:1004B00004DB4FF00044404264EB0101141E73F171
:1004C000000405DB1C464FF00043524263EB04037B
:1004D0008B4208BF824230BD30B5041E71F100046A
:1004E00004DB4FF00044404264EB0101141E73F141
:1004F000000405DB1C464FF00043524263EB04034B
:10050000994208BF904230BD30B50B4601460020ED
:100510002022012409E021FA02F59D4205D303FAC5
:1005200002F5491B04FA02F52844151EA2F1010246
:10053000F1DC30BD202A04DB203A00FA02F1002071
:1005400070479140C2F1200320FA03F31943904011
:100550007047202A04DB203A21FA02F0002170477C
:1005600021FA02F3D040C2F120029140084319461B
:10057000704710B5141E73F1000408DA401C41F1F5
:10058000000192185B411A4301D120F0010010BD17
:100590002DE9F04D92469B4611B1B1FA81F202E08D
:1005A000B0FA80F220329046FFF7C4FF04460F46AF
:1005B00040EA0A0041EA0B0153465A46084313D069
:1005C000114653EA010019D0C8F140025046FFF726
:1005D000C0FF05460E46504659464246FFF7AAFF61
:1005E000084305D0012004E020463946BDE8F08DDF
:1005F0000020054346EAE0762C4337430A9863051A
:10060000E40AA0EB08000022FD0A44EA47540A303D
:1006100002D500200146E9E7010510196941DDE92D
:10062000084500196941BDE8F04DA2E72DE9FE4FEC
:10063000804681EA0300C00F0C46009021F0004183
:1006400023F00045B8EB0200A94105D240462146FF
:1006500090461C460B46024623F00040104347D00C
:10066000270DC7F30A00C3F30A510290401A019004
:1006700040286BDAC3F3130040F4801B00989246C5
:1006800020B10023D2EB030A63EB0B0B0198594610
:10069000C0F140025046FFF74DFF06460D4650465A
:1006A0005946019A00F006F910EB08006141002458
:1006B00087EA115284EAE7731A4340D0009A62B382
:1006C000019A012A4FEA075215DC001B61EB020177
:1006D0004FF0004202EA0752CDE90042001C41F50A
:1006E000801132462B46FFF753FF03B0BDE8F08F71
:1006F00040462146F9E7001B61EB0201001C41F571
:10070000801300185B412018A2F5001747EB030186
:1007100040EAD570B6196D4111E06D084FEA360612
:1007200045EAC0754FEA0752001B61EB0201001C4D
:1007300041F5801149084FEA300000195141324615
:100740002B4603B0BDE8F04FFFF713BF009801221E
:1007500040000023D0EB020263EBE07300982146D7
:100760004FEAE074B8EB000061EB0401E9E783F0C5
:1007700000435BE781F0004158E72DE9FE4F81EA35
:10078000030404F0004421F0004100944FF0000BFA
:1007900023F0004350EA01045ED052EA03045BD028
:1007A000C3F30A54C1F30A552C44A4F2F334019460
:1007B000A0FB0254C1F3130141F48011C3F31303EE
:1007C00043F4801301FB024400FB034E840A970AA2
:1007D00044EA815447EA8357A4FB076802958D0ACF
:1007E00005FB07854FEA932C04FB0C542705029D5B
:1007F0004FEA065847EA1637B5EB08056EEB070CCB
:10080000870E920E47EA811742EA8312A7FB020184
:10081000B6EB0B0164EB00042B0D43EA0C335E18BE
:1008200044EB1C50DA465146E7FB0201C5F31304C2
:100830004FEA0B3343EA14534FEA0432019C43EA74
:100840000603A4F10C040294009CCDE900B4FFF768
:100850009FFE03B0BDE8F08F00200146F9E7C1F329
:100860000A52C1F3130140F2FF3341F480119A425E
:1008700002DA00200146704740F233439A42A2F266
:10088000334202DC5242FFF764BEFFF753BE000062
:10089000064C074D06E0E06840F0010394E80700CD
:1008A00098471034AC42F6D3FFF772FC40200108A1
:1008B00060200108202A06DBCB17203A41FA02F01B
:1008C00043EAE07306E041FA02F3D040C2F12002AD
:1008D000914008431946704770B58C1810F8015BB9
:1008E00015F0070301D110F8013B2A1106D110F8C9
:1008F000012B03E010F8016B01F8016B5B1EF9D1CD
:100900002B0705D40023521E0DD401F8013BFAE752
:1009100010F8013BCB1A921C03E013F8015B01F8BD
:10092000015B521EF9D5A142D8D3002070BD000052
:1009300010B5064800F0D4FC0A21044800F068FC19
:10094000024800F0EDFB80B210BD0000B4010020B1
:1009500070B504460025002600BF03E0FFF7E8FF5E
:100960000544761CA642F9D3B5FBF4F070BD000037
:1009700055494A6822F440324A604A6843681A433B
:100980004A600268526822F4807203685A60026802
:100990005368026943EA022203685A600268526897
:1009A00022F0407203685A600268526883681A43F2
:1009B00003685A600268926822F4006203689A60D1
:1009C00002689268C3681A4303689A603F4B826A60
:1009D0009A4218D00268926822F0706203689A60A6
:1009E00002689268836A1A4303689A600268926890
:1009F00022F0405203689A6002689268C36A1A4300
:100A000003689A600BE00268926822F070620368E3
:100A10009A600268926822F0405203689A60026805
:100A2000926822F0020203689A6002689368027E6C
:100A300043EA420203689A602022125CA2B1026873
:100A4000526842F4006203685A600268526822F4F5
:100A5000604203685A6002685368426A521E43EA61
:100A6000423203685A6005E00268526822F400626C
:100A700003685A600268D26A22F470020368DA627C
:100A80000268D36A828B521E43EA02520368DA621A
:100A90000268926822F4007203689A6002689368A0
:100AA00090F8302043EA422203689A600268926814
:100AB00022F4806203689A6002689368426943EA9C
:100AC000822203689A607047002301400100000FF2
:100AD000704700000146014801F0DABFBC02002067
:100AE00010B5044801F0E7FF042801D0012010BD33
:100AF000002010BDBC02002010B500F015F8012840
:100B000001D0012010BD074802F0F6F8044634B9C0
:100B10004FF40061034801F071FE00B1012420464A
:100B200010BD0000BC02002081B0012000909DF8A3
:100B3000000001B07047000010B5002413460A46BB
:100B40000146034802F010FA00B10124204610BD0E
:100B5000BC02002002480022012140680AF004B8CB
:100B60008001002010B5002413460A4601460348C0
:100B700002F0AAFA00B10124204610BDBC020020F8
:100B8000024800220221406809F0EEBF80010020E7
:100B900000BFFEE770B504464FF6FF7502E0012086
:100BA00007F0CCF84FF40071074800F0E9FFA042CD
:100BB00004D1281EA5F101018DB2F0D115B94FF075
:100BC000FF3070BD0020FCE70018024000B587B080
:100BD000142102A8FFF7A0FB00BF002001900D48E0
:100BE000006840F040000B4908600846006800F0CB
:100BF0004000019000BF00BF481502900020039004
:100C000004900320059002A9034800F0BFFE07B03E
:100C100000BD0000303802400018024000B587B027
:100C2000142102A8FFF778FB00BF002001900D48B7
:100C3000006840F040000B4908600846006800F07A
:100C40004000019000BF00BF4815029001200390B2
:100C500004900320059002A9034800F097FE07B016
:100C600000BD0000303802400018024010B50024DA
:100C700004E0012007F062F8601CC4B24FF4007178
:100C8000194800F07DFF012801D1642CF1DB642CB0
:100C900001DB012010BD002404E0012007F04EF824
:100CA000601CC4B24FF400710F4800F069FF08B92E
:100CB000642CF2DB642C01DB0220EBE7002404E06F
:100CC000012007F03BF8601CC4B24FF400710648E5
:100CD00000F056FF012801D1642CF1DB642C01DB0C
:100CE0000320D7E70020D5E70018024010B5FFF732
:100CF00095FF00BF00224FF40071094800F048FF43
:100D000000BF142000F08AFD00BF012251020448F8
:100D100000F03EFF00BF1E2007F010F810BD0000DD
:100D20000018024010B5024800F098FB10BD00000A
:100D30004003002010B5024800F090FB10BD0000F9
:100D4000A00300200146087810381823B0FBF3F206
:100D50000848805CC865032A05D908686FF3090054
:100D6000001D886503E008686FF309008865886DD9
:100D700070470000E4D60008014600208A6A8B69AB
:100D8000CBB932B1012A0DD0022A03D0032A10D1E7
:100D90000EE000BFCB6A03F08073B3F1807F00D117
:100DA000012007E0CB6AB3F1C07F00D1012001E050
:100DB00000E000BF34E08B69B3F5005F1AD132B1B7
:100DC000012A07D0022A03D0032A11D10AE000BF6A
:100DD00001200EE0CB6A03F08073B3F1807F00D175
:100DE000012006E0CB6AB3F1C07F00D1012000E012
:100DF00000BF15E032B1012A05D0022A04D0032A2F
:100E00000CD103E000BF00BF012008E0CB6A03F073
:100E10008073B3F1807F00D1012000E000BF00BFEC
:100E2000704730B50468246824F4802405682C6079
:100E3000046863608468402C04D10468A26004687C
:100E4000E16003E00468A1600468E26030BD7047BF
:100E500072B600BFFEE70022AFF3008010B48446F4
:100E600001200E4B5C7A002C16D1587A1C54587A0B
:100E700003EB8000C0F804C0587A03F1080C00F8B6
:100E80000C20587A421C5A72303008703A20487050
:100E90002F208870CC70002010BC704700A9002063
:100EA00070B50446B3F5804F13D1D1E9000540EA8F
:100EB00005108D6840EA05208D6928438D8940EA38
:100EC000054054F82250064E3540284344F822008D
:100ED00003E06FF0704044F82200002070BD000075
:100EE0000000F0CF70B50246086852F8200020F0EC
:100EF00001000E6842F826008868082801D14023C6
:100F000000E00023486818438E683043CE683043C1
:100F10000E6930434E693043CE6930430E6A304328
:100F20004E6A30438E6A3043CE6A30430E6B40EADD
:100F3000060488690443C86B0443074D45F4806583
:100F400045F4E025086852F82000A84320430E68C5
:100F500042F82600002070BD7FFB080010B5034654
:100F6000D1E9000440EA04108C6840EA04208C892E
:100F700040EA0444088A401E44EA0054087D801E6A
:100F800044EA00608C692043541C43F8240000208C
:100F900010BD000038B502460020009000BF92F856
:100FA0003C00012801D1022038BD012082F83C001C
:100FB00000BF0868092816D91068C0680C780A3C78
:100FC00004EB44050724AC40A0431468E0600C78AF
:100FD0000A3C04EB44048868A0401468E468204399
:100FE0001468E06013E0106800690C7804EB4405B5
:100FF0000724AC40A043146820610C7804EB44043F
:101000008868A040146824692043146820614868F7
:10101000072817D21068406B0C79641E04EB840516
:101020001F24AC40A04314686063088880B20C7928
:10103000641E04EB8404A0401468646B20431468AD
:10104000606331E048680D2817D21068006B0C7996
:10105000E41F04EB84051F24AC40A0431468206304
:10106000088880B20C79E41F04EB8404A040146863
:10107000246B20431468206316E01068C06A0C7962
:101080000D3C04EB84051F24AC40A0431468E062CF
:10109000088880B20C790D3C04EB8404A0401468ED
:1010A000E46A20431468E062194B1A4C1068A042AD
:1010B00006D10868122803D1586840F480005860AF
:1010C000144C1068A0421CD10868102802D008688F
:1010D000112816D1586840F400005860086810289C
:1010E0000FD10D4800680D4CB0FBF4F000EB800010
:1010F0004000009002E00098401E009000980028F8
:10110000F9D100BF002082F83C0000BF00BF4BE7D0
:1011100000230140002001404800002040420F0011
:1011200001460868C06C704770B5044600250CB9CC
:10113000012070BD1549A06A884200D000BF206C14
:1011400030B9204600F024F80020606484F83C00A8
:10115000206C00F0100088B9206C20F4885040F01A
:10116000020020642046FFF703FC00206064206C2E
:1011700020F0020040F00100206400E0012500BFE3
:10118000002084F83C0000BF2846D2E70100000F91
:1011900010B586B00446142101A8FFF7BDF819491F
:1011A000206888422BD100BF0020009016480068BC
:1011B00040F48060144908600846006800F48060CC
:1011C000009000BF00BF00BF002000900E48143800
:1011D000006840F020000C49143908600846006897
:1011E00000F02000009000BF00BF8020019003208D
:1011F00002900020039001A9044800F0C7FB06B04C
:1012000010BD00000022014044380240001402409A
:1012100070B504460D4600262068806800F48060A2
:10122000B0F5806F11D12068806800F48070B0F54F
:10123000807F0AD1206C40F02000206400BF002095
:1012400084F83C0000BF012070BD00F0A7FC0646FA
:1012500018E0681CB0B125B100F0A0FC801BA842CA
:1012600010D92068006800F0020002280AD0206C23
:1012700040F00400206400BF002084F83C0000BF60
:101280000320E1E72068006800F002000228E0D1B6
:101290006FF0120021680860206C40F40070206438
:1012A0002068806800F04050B8B9207EA8B9206856
:1012B000C06A00F4700020B12068806800F480608B
:1012C00058B9206C20F480702064206C00F48050A9
:1012D00018B9206C40F0010020640020B4E7000041
:1012E00008B501460020009000BF91F83C0001289D
:1012F00001D1022008BD012081F83C0000BF086830
:10130000806800F00100A0B90868806840F0010022
:101310000B6898603F4800683F4BB0FBF3F000EB70
:101320004000009002E00098401E009000980028C5
:10133000F9D10868806800F00100002860D0086CCE
:1013400040F20163984340F4807008640868406884
:1013500000F4806028B1086C20F4005040F4805004
:101360000864086C00F48050B0F5805F04D1486CCC
:1013700020F00600486401E00020486400BF00201F
:1013800081F83C0000BF254A6FF022000B6818600E
:10139000506800F01F0018BB214B0868984213D01A
:1013A000204B0868984204D1101D006800F01F000F
:1013B00050B11D4B086898422AD11848001D00689A
:1013C00000F01F00102823D20868806800F0405009
:1013D000F0B90868806840F080400B68986017E0BA
:1013E0000F4B0868984213D10868806800F040509D
:1013F00070B90868806840F080400B68986007E02A
:10140000086C40F010000864486C40F0010048642B
:1014100000206FE74800002040420F0000230140F9
:10142000002001400021014000220140014691F8C6
:101430003500022803D08020486501207047052030
:1014400081F835000868006820F001000A68106023
:101450000020F3E70146486D70470000F8B50446E8
:10146000002000908C4800684FF41651B0FBF1F753
:10147000A56D2E6894F85C1008208840304098B123
:101480002068006800F0040070B12068006820F057
:1014900004002168086094F85C1008208840A86067
:1014A000606D40F00100606594F85C100120884098
:1014B000304068B12068406900F0800040B194F885
:1014C0005C1001208840A860606D40F002006065FB
:1014D00094F85C1004208840304068B120680068AF
:1014E00000F0020040B194F85C1004208840A8602D
:1014F000606D40F00400606594F85C101020884036
:10150000304078B32068006800F0080050B394F8C9
:101510005C1010208840A8602068006800F48020DB
:1015200080B12068006800F4002028B9206CC8B1A0
:101530002046216C884715E0A06C98B12046A16C2C
:1015400088470FE02068006800F4807028B92068A0
:10155000006820F0080021680860206C10B1204667
:10156000216C884794F85C10202088403040002887
:1015700065D02068006800F0100000285FD094F863
:101580005C1020208840A86094F83500052828D1F8
:101590002068006820F01600216808602068406913
:1015A00020F0800021684861206C08B9A06C28B147
:1015B0002068006820F008002168086094F85C103A
:1015C0003F208840A860012084F8350000BF00203B
:1015D00084F8340000BF206D10B12046216D88478B
:1015E000F8BD2068006800F4802080B120680068A1
:1015F00000F4002028B9606C10B12046616C884767
:101600001DE0E06BD8B12046E16B884717E0206809
:10161000006800F4807068B92068006820F010004D
:1016200021680860012084F8350000BF002084F89C
:10163000340000BFE06B10B12046E16B8847606D5D
:1016400038B3606D00F00100F0B1052084F835007A
:101650002068006820F001002168086000BF009841
:10166000401C0090B84200D905E02068006800F0F6
:1016700001000028F3D100BF012084F8350000BF2D
:10168000002084F8340000BFE06C10B12046E16C0B
:10169000884700BFA4E70000480000202DE9F04182
:1016A0000446002500F07AFA074614B90120BDE887
:1016B000F081606A00B100BF022084F8350000BFED
:1016C000002084F8340000BF2068006820F001008A
:1016D000216808600AE000F061FAC01B052805D9FE
:1016E00020206065032084F83500E0E7206800686A
:1016F00000F001000028EED120680568214805406F
:10170000D4E901010843E16808432169084361699C
:101710000843A1690843E1690843216A0843054376
:10172000606A042803D1D4E90B010843054320680B
:1017300005602068456925F00705606A0543606A11
:1017400004280DD1A06A0543E06A48B12046FFF79E
:1017500013FB28B140206065012084F83500A6E71E
:10176000206845612046FFF7EDFA064694F85C10C4
:101770003F208840B06000206065012084F835007B
:10178000002094E73F8010F02DE9F04704460D4615
:1017900016461F464FF00008D4F8589000BF94F842
:1017A0003400012802D10220BDE8F087012084F82E
:1017B000340000BF94F83500012825D1022084F8B8
:1017C0003500002060653B46324629462046FFF73B
:1017D00028FB94F85C103F208840C9F80800206876
:1017E000006840F0160021680860206C28B120686D
:1017F000006840F00800216808602068006840F038
:1018000001002168086006E000BF002084F8340071
:1018100000BF4FF002084046C6E7000070B504461E
:1018200000F0BCF906462546681C10B10448007853
:10183000054400BF00F0B2F9801BA842FAD370BD86
:101840004400002000B587B0142102A8FEF764FD13
:101850004848006808B107B000BD0120454908604C
:1018600000BF002001904448006840F00100424958
:1018700008600846006800F00100019000BF00BF4A
:101880004EF23F00029002200390002004900320BB
:1018900005900C20069002A9384800F077F84FF424
:1018A00080500290022003900120049003200590B4
:1018B0000C20069002A9314800F068F840F23F4041
:1018C00002900220039000200490032005900C2039
:1018D000069002A92A4800F059F84FF6807002904D
:1018E0000220039001200490032005900C20069014
:1018F00002A9244800F04AF84CF23370029002200A
:10190000039001200490032005900C20069002A96A
:101910001D4800F03BF84FF4605002900220039005
:1019200000200490032005900C20069002A9164880
:1019300000F02CF84FF48050029002200390012018
:101940000490032005900C20069002A90C4800F09A
:101950001DF8032002900220039000200490032031
:1019600005900C20069002A9064800F00FF800BF71
:1019700071E70000340000203838024000140240B3
:101980000018024000100240000C0240F8B5024668
:101990000B460025002400200021D6E0012606FA8F
:1019A00001F51E6806EA0504AC4274D11E7906F002
:1019B0000306012E04D01E7906F00306022E13D171
:1019C00090684F000326BE40B0434F00DE68BE4023
:1019D00030439060506801268E40B0431E79C6F3B4
:1019E00000168E40304350601E7906F00306032E29
:1019F00009D0D0684F000326BE40B0434F009E6818
:101A0000BE403043D0601E7906F00306022E13D18B
:101A1000CF0802F1200656F827004E07F70E0F26D2
:101A2000BE40B0434F07FF0E1E69BE403043CF0893
:101A300002F1200646F8270010684F000326BE403A
:101A4000B0431E7906F003064F00BE4030431060DD
:101A50005E6806F44036002E76D000BF0026009661
:101A60003C4E366846F480463A4F3E603E46366805
:101A700006F48046009600BF00BF374E8F0856F828
:101A800027008E07370F0F26BE40B043334EB242B9
:101A900002D1002624E057E0314EB24201D10126A6
:101AA0001EE0304EB24201D1022619E02E4EB24263
:101AB00001D1032614E02D4EB24201D104260FE0DD
:101AC0002B4EB24201D105260AE02A4EB24201D184
:101AD000062605E0284EB24201D1072600E008267E
:101AE0008F073F0FBE4030431B4E8F0846F827003C
:101AF000224E3068A0435E6806F4801606B120438B
:101B00001E4E3060361D3068A0435E6806F4001635
:101B100006B12043194E361D3060184E361F30680E
:101B2000A0435E6806F4003606B12043134E361F0C
:101B30003060361F3068A0435E6806F4803606B118
:101B400020430E4E083E3060491C1029FFF426AF9A
:101B5000F8BD00004438024008380140000002404F
:101B60000004024000080240000C02400010024045
:101B70000014024000180240001C0240083C0140D2
:101B8000024613690B400BB1012000E000207047B2
:101B90000AB1816101E00B0483617047014800686C
:101BA000704700003C0000200348006803490978A2
:101BB00008440149086070473C00002044000020B0
:101BC00010B50D48006840F400700B4908600846E5
:101BD000006840F4806008600846006840F4807047
:101BE0000860032000F0ACF80F2000F007F800F0C8
:101BF0002BF8002010BD0000003C024070B50446E8
:101C00000E4800784FF47A71B1FBF0F00C49096886
:101C1000B1FBF0F5284601F035FB08B1012070BD9D
:101C2000102C07D200222146501E00F04BF8054828
:101C3000046001E00120F2E70020F0E7440000200A
:101C4000480000204000002008B500BF00200090A0
:101C50001148006840F480400F4908600846006859
:101C600000F48040009000BF00BF00BF0020009043
:101C7000081F006840F08050091F0860084600688F
:101C800000F08050009000BF00BF00220F21901E86
:101C900000F018F808BD000044380240014608462C
:101CA00000280DDB00BF00BF00F01F0301229A4097
:101CB00043099B0003F1E023C3F8002100BF00BFEC
:101CC00000BF70472DE9F05F80460D46164600279D
:101CD00004F0A2FE074639462A46334601F00700C3
:101CE000C0F1070ABAF1040F02D94FF0040A01E06B
:101CF000C0F1070AD14600F1040ABAF1070F02D277
:101D00004FF0000A01E0A0F1030AD4464FF0010AA7
:101D10000AFA09FAAAF1010A0AEA020A0AFA0CFA0C
:101D20004FF0010B0BFA0CFBABF1010B0BEA030BB1
:101D30004AEA0B042146404604F076FEBDE8F09FD7
:101D400000BF00F00702064B19684FF6FF03194069
:101D5000044B0B4343EA0221014B196000BF70475B
:101D60000CED00E00000FA05F8B504460025002659
:101D7000207800F0010020B9207800F00400042849
:101D80002FD100205B498866FFF708FF054606E073
:101D9000FFF704FF401B022801D90320F8BD564875
:101DA0000068C0F3C0600028F2D160688101207A29
:101DB00041EA007050498431086001204D4988662D
:101DC000FFF7ECFE054606E0FFF7E8FE401B0228A1
:101DD00001D90320E2E748480068C0F3C06000284A
:101DE000F2D0207800F0020002287DD100BF002050
:101DF000009041484030006840F080503E494031FA
:101E000008600846006800F08050009000BF00BFE6
:101E10003A48006840F4807038490860FFF7BEFE19
:101E2000054606E0FFF7BAFE401B022801D9032051
:101E3000B4E73248006800F480700028F2D02E48E1
:101E40007030006800F440764EB3A08900F4407012
:101E5000B04224D028487030006820F44076012039
:101E60002749086000200860234870300660006839
:101E700000F0010098B1FFF791FE054608E0FFF77A
:101E80008DFE401B41F28831884201D9032085E74D
:101E9000194870300068C0F340000028EFD000BF40
:101EA000A08900F44070B0F5407F0CD11248083092
:101EB000006820F4F810134AE168114008430E4905
:101EC0000831086007E00C480830006820F4F8107A
:101ED000094908310860084870300068A189C1F3D9
:101EE0000B010843044900E002E07031086000BFC4
:101EF000002053E7000047420038024000700040D5
:101F0000400E4742FFFCFF0F70B504460D460CB96A
:101F1000012070BD5848006800F00700A84209D2AF
:101F200055490D700846006800F00700A84201D02E
:101F30000120EEE7207800F0020002281DD1207871
:101F400000F00400042805D14C48006840F4E0503B
:101F50004A490860207800F00800082805D1474861
:101F6000006840F46040454908604448006820F03B
:101F7000F000A168084341490860207800F00100A2
:101F8000A8B36068012807D13C4808380068C0F34E
:101F90004040B8B90120BCE76068022802D0606800
:101FA000032807D1354808380068C0F3406048B9B5
:101FB0000120AEE7314808380068C0F3400008B996
:101FC0000120A6E72D48006820F00300616808435F
:101FD0002A490860FFF7E2FD064609E0FFF7DEFD4B
:101FE000801B41F28831884202D9032091E707E043
:101FF0002248006800F00C006168B0EB810FEDD161
:102000001D48006800F00700A84209D91A490D7060
:102010000846006800F00700A84201D0012078E7D8
:10202000207800F00400042807D11448006820F448
:10203000E050E168084311490860207800F008008A
:10204000082808D10D48006820F46040216940EA62
:10205000C1000A49086000F03FF808490968C1F367
:102060000311074A515CC8400649086006480068E9
:10207000FFF7C4FD00204CE7003C02400838024056
:10208000ECD600084800002040000020014800680D
:10209000704700004800002000B5FFF7F7FF044933
:1020A0000968C1F38221034A515CC84000BD0000A9
:1020B00008380240FCD6000800B5FFF7E7FF0449E6
:1020C0000968C1F34231034A515CC84000BD0000B9
:1020D00008380240FCD600082DE9F047002400250E
:1020E0000026A1462548006800F00C0020B1042815
:1020F00005D008283AD105E0DFF8849039E0DFF810
:10210000849036E01D48001F006800F03F041B4823
:10211000001F006800F4800078B11A481749091FB1
:102120000968C1F38811A0FB017001462246002313
:102130003846FEF7A7F805460EE011480F49091F7B
:102140000968C1F38811A0FB0170014622460023F3
:102150003846FEF797F805460848001F0068C0F3A8
:102160000140401C4600B5FBF6F902E0DFF8109094
:1021700000BF00BF4846BDE8F087000008380240B5
:102180000024F40000127A00F8B504460CB90120CE
:10219000F8BD207800F00100002874D0F9480068EC
:1021A00000F00C0004280DD0F648006800F00C0088
:1021B000082813D1F348001F006800F48000B0F530
:1021C000800F0BD1EF4808380068C0F3404000286A
:1021D00059D06068002856D10120D9E700BF606857
:1021E000B0F5803F08D1E7480838006840F48030F7
:1021F000E449083908601EE06068B0F5A02F0DD1F1
:10220000E0480838006840F48020DE49083908605A
:102210000846006840F4803008600CE0D94808386F
:10222000006820F48030D749083908600846006803
:1022300020F48020086000BF606890B1FFF7AEFC1A
:10224000054606E0FFF7AAFC401B642801D90320DD
:102250009EE7CC4808380068C0F340400028F1D021
:1022600011E0FFF79BFC054606E0FFF797FC401BDB
:10227000642801D903208BE7C24808380068C0F3FE
:1022800040400028F1D1207800F0020002285FD100
:10229000BC48006800F00C0058B1BA48006800F073
:1022A0000C0008281CD1B748001F006800F480000B
:1022B000B0B9B44808380068C0F3400020B1E06805
:1022C000012801D0012063E7AE480838006820F0FB
:1022D000F800216940EAC100AA490839086037E0DE
:1022E000E06800B30120A8490860FFF757FC0546E5
:1022F00006E0FFF753FC401B022801D9032047E703
:10230000A04808380068C0F340000028F1D09D487C
:102310000838006820F0F800216940EAC1009949B6
:102320000839086014E0002097490860FFF736FC80
:10233000054606E0FFF732FC401B022801D90320C6
:1023400026E7904808380068C0F340000028F1D123
:10235000207800F0080008282CD16069A8B101207D
:102360008A490860FFF71AFC054606E0FFF716FCED
:10237000401B022801D903200AE782486C3000681C
:10238000C0F340000028F1D014E000207F4908602D
:10239000FFF704FC054606E0FFF700FC401B02289F
:1023A00001D90320F4E677486C300068C0F34000A0
:1023B0000028F1D1207800F00400042870D1002713
:1023C00070483830006800F0805090B900BF00209D
:1023D00000906C483830006840F0805069493831CE
:1023E00008600846006800F08050009000BF00BF01
:1023F00001276748006800F48070B0B9644800683D
:1024000040F4807062490860FFF7C8FB054606E0AB
:10241000FFF7C4FB401B022801D90320B8E65C4843
:10242000006800F480700028F2D000BFA068012886
:1024300008D154486830006840F0010051496831C3
:1024400008601DE0A06805280DD14E48683000687E
:1024500040F004004B49683108600846006840F0CD
:10246000010008600CE047486830006820F0010077
:102470004449683108600846006820F0040008609C
:1024800000BFA068A8B1FFF789FB054609E0FFF788
:1024900085FB401B41F28831884202D9032077E650
:1024A00026E0384868300068C0F340000028EED0CD
:1024B00013E0FFF773FB054608E0FFF76FFB401BD7
:1024C00041F28831884201D9032061E62D48683005
:1024D0000068C0F340000028EFD1012F07D1294840
:1024E0003830006820F0805026493831086000BF3D
:1024F000A069002845D02348006800F00C00082897
:102500005DD0A069022845D100201F490866FFF769
:1025100045FB054606E0FFF741FB401B022801D9B9
:10252000032035E6174808380068C0F340600028EB
:10253000F1D1D4E907010843616A40EA811101221F
:10254000A06AC2EB500041EA00412C20005D41EA44
:1025500000600C49091F086001200B490866FFF75D
:102560001DFB054606E0FFF719FB401B022801D9B9
:1025700003200DE6034808380068C0F340600028D7
:10258000F1D049E00838024000004742800E47423F
:1025900000700040002021490866FFF7FFFA054659
:1025A00006E0FFF7FBFA401B022801D90320EFE504
:1025B0001B480068C0F340600028F2D12CE0A069FD
:1025C000012800D1E4E51648001D0668A06901282D
:1025D00020D006F48001E06981421BD106F03F0162
:1025E000206A814216D147F6C0703040616AB0EB74
:1025F000811F0FD106F440310122A06AC2EB5000C6
:10260000B1EB004F06D106F070612C20005DB1EBFC
:10261000006F01D00120BBE50020B9E50000474272
:102620000038024070B505460B461646002428685F
:1026300040680E4900EA0104200CD870C4F304205D
:10264000587004F03F009870C4F3423018705EB9BF
:10265000D87802F099FAD870587802F095FA587044
:10266000987802F091FA9870002070BD3FFFFF004B
:1026700070B504460B46164600252068806A5860EF
:1026800020680069C0F30E009860206800680E4959
:1026900000EA0105C5F305401870C5F3062058701F
:1026A00005F07F009870A80DD8705EB9187802F018
:1026B0006BFA1870587802F067FA5870987802F040
:1026C00063FA9870002070BD7F7F7F0070B504466C
:1026D0000CB9012070BD607F20B900202077204612
:1026E00000F04EF8022060772068C068C0F3001048
:1026F00000283CD100BFCA202168486253202168CD
:10270000486200BF204602F04AFA0546EDB920684B
:1027100080681A4908402168886021696068084318
:1027200061690843216889680843216888602168D5
:10273000E068086120680169208941EA0040216859
:102740000861204602F050FA05465DB92068006C29
:1027500020F48020216808642068006CA169084387
:102760002168086400BFFF202168486200E000255E
:102770000DB9012060772846ACE70000BFFF8FFF4E
:102780001FB5044600200090019002900390094973
:10279000206888420CD102200090C0010390684656
:1027A000FFF7E2FA08B1FEF753FB01200249086087
:1027B0001FBD0000002800403C0E474270B5044693
:1027C00000250B482168C860FFF7E8F9054607E0D7
:1027D000FFF7E4F9401BB0F57A7F01D9032070BD03
:1027E0002068C06800F020000028F1D00020F6E743
:1027F0005F7F010010B5FEF76BF910BDF0B589B031
:1028000004460E460027032084F83400606C032839
:1028100020D0B6F5805F04D1A06B40F08050A0635B
:102820001CE0B6F5006F07D1204603F0EEF8054630
:10283000A06B2843A06311E03EB9204603F0B1F835
:102840000546A06B2843A06308E0A06B40F0006041
:10285000A06303E0A06B40F08050A063A06B38B190
:10286000174821688863012084F83400012713E0A9
:1028700060680390A0680490E0680590069660691F
:102880000790A069089006A807C88DE8070020688F
:1028900003A90EC902F0ECF94FF40071206802F0B0
:1028A0005FFA054635B1064821688863A06B284366
:1028B000A0630127012084F83400384609B0F0BD38
:1028C000FF0540007047000010B50246506E800FB3
:1028D0000870506EC0F383604870506EC0F30160A2
:1028E0008870506E000CC870B2F86400000A08715D
:1028F00092F864004871906E000DC880906EC0F32D
:10290000034008726820805AC0F3C03048726820C3
:10291000805AC0F3803088726820805AC0F34030FB
:10292000C8726820805AC0F30030087300204873D2
:10293000506C002836D16820805A8005030DD06E77
:1029400043EA90700861D06EC0F3C2600875D06E23
:10295000C0F302604875D06EC0F342508875D06EE7
:10296000C0F38240C875D06EC0F3C23008760869E3
:10297000401C50650B7E506D03F007039B1C012427
:102980009C4060435065087A00F00F030120984096
:102990009065D2E915035B0A5843D0654FF4007384
:1029A000136621E0506C012813D16820805C8006FA
:1029B000830AD06E43EA104008610869401C830214
:1029C0005365536DD3654FF400739365936D136630
:1029D0000AE02E4813689863906B40F08050906333
:1029E000012082F8340010BD6C20805AC0F3803082
:1029F00001F8190F6C20805AC0F3C61048706C2083
:102A0000805C00F07F008870106FC00FC870106F7E
:102A1000C0F341700871106FC0F382604871106F8D
:102A2000C0F383508871106FC0F34050C87100200C
:102A30000872106FC0F3004048727020805AC0F3D3
:102A4000C03088727020805AC0F38030C872702005
:102A5000805AC0F3403008737020805AC0F30030B1
:102A600048737020805AC0F3812088737020805A88
:102A7000C0F30120C8737020805CC0F34600087466
:102A80000120487419390020ADE70000FF0540001F
:102A90000246506C0860906C4860D06C8860106D85
:102AA000C860506D0861906D4861D06D8861106E8E
:102AB000C86100207047F8B50446002000906946C0
:102AC000204602F056FF054615B1A06B2843A063CF
:102AD0000098C0F343263046F8BD000070B50446A8
:102AE000256B2068406BC0F3C03030B105F00800A2
:102AF00018B1204602F018FFF8E02068406BC0F3E0
:102B00000020002862D04FF480702168886320681C
:102B1000C06B4CF23A3188432168C8632068C06AB0
:102B200020F001002168C86205F0080038B305F004
:102B3000020010B905F0200050B1206802F054FAEC
:102B400006462EB1A06B3043A0632046FFF7BAFEC5
:102B500040F23A5021688863012084F83400002054
:102B6000206305F0010010B905F0020018B12046FD
:102B700000F0A2FABAE0204600F0A2FAB6E005F0B2
:102B800080000028B8D005F0200050B1206802F085
:102B90002BFA06462EB1A06B3043A0632046FFF708
:102BA00091FE05F001000028A6D105F002000028E2
:102BB000A2D12068C06A20F008002168C862012004
:102BC00084F83400204600F07BFA8FE02068406BE8
:102BD000C0F3803030B105F0080018B1204602F093
:102BE00048FF83E02068406B40F23A21084008B17A
:102BF000012000E00020002878D02068406BC0F35E
:102C0000400018B1A06B40F00200A0632068406B48
:102C1000C0F3C00018B1A06B40F00800A0632068AA
:102C2000406BC0F3401018B1A06B40F02000A063CF
:102C30002068406BC0F3001018B1A06B40F010008A
:102C4000A0632068406BC0F3402018B1A06B40F037
:102C50000800A06340F23A70216888632068C06B66
:102C600040F23A3188432168C863206802F0BCF919
:102C7000A16B0843A06305F0080040B1012084F86F
:102C80003400002020632046FFF71CFE2EE005F0F4
:102C9000800000B305F0100010B905F0200050B11D
:102CA0001348E16B0865E06BFEF7C0FB98B1E06B81
:102CB00002F089FC1AE005F0010010B905F00200ED
:102CC00050B10C48216C0865206CFEF7AFFB10B1C9
:102CD000206C02F04BFC09E00020A063012084F886
:102CE0003400002020632046FFF784FD70BD000003
:102CF000C75500086D55000810B504460CB90120F1
:102D000010BD94F8340020B900202077204600F050
:102D100065F8032084F83400204600F00BF808B171
:102D20000120EDE70020A0632063012084F8340037
:102D30000020E5E730B589B00446002003900490F8
:102D40000590069007907620089006A807C88DE8A1
:102D50000700206803A90EC901F08AFF00201D4961
:102D60000860206801F09EFF01201A49A039C1F8CF
:102D7000A0000220FEF752FD204602F06FFD05463E
:102D800045B1012084F83400A06B2843A0630120E2
:102D900009B030BD204602F0E0FC05463DB10120FF
:102DA00084F83400A06B2843A0630120F0E74FF4BF
:102DB0000071206801F0D4FF05464DB10648216836
:102DC0008863A06B2843A063012084F83400DFE708
:102DD0000020DDE7A0802542FF05400010B586B049
:102DE0000446142101A8FDF797FA58492068884243
:102DF0007ED100BF002000905548006840F400607C
:102E0000534908600846006800F40060009000BF65
:102E100000BF00BF002000904D481438006840F00B
:102E200004004B49143908600846006800F00400AB
:102E3000009000BF00BF00BF00200090084600685F
:102E400040F0080008600846006800F008000090A4
:102E500000BF00BF4FF4F850019002200290012003
:102E60000390032004900C20059001A93948FEF737
:102E70008DFD042001900220029001200390032088
:102E800004900C20059001A93348FEF77FFD3348DC
:102E9000334908604FF0006048600021304881608D
:102EA000C1604FF4806101618900416189008161E5
:102EB0002021C16109030162042141620321816271
:102EC0004FF40001C16289100163FEF7E7FB08B10E
:102ED000FDF7BEFF00BF22482064846300BF1F4887
:102EE0004830204908604FF000604860402100E011
:102EF00029E01C4881600021C1604FF480610161BC
:102F000089004161890081612021C1610903016259
:102F100004214162032181624FF40001C1628910E2
:102F20000163FEF7BBFB08B1FDF792FF00BF0D4840
:102F3000E063846300BF002205213120FEF7C2FE5A
:102F40003120FEF7ABFE06B010BD0000002C0140A2
:102F50004438024000080240000C0240586402401D
:102F600040030020A00300202DE9F04387B0044671
:102F70000F4691461D46C8463FB9A06B40F0006021
:102F8000A063012007B0BDE8F08394F83400012865
:102F90007ED10020A06308EB0501E06D814205D9D8
:102FA000A06B40F00070A0630120EBE7032084F8E1
:102FB000340000202168C8622068C06B40F22A31CA
:102FC00008432168C8633848216CC8633748216CBE
:102FD000C8640020216C08650021206C8160206C91
:102FE0000068006820F0C000216C89680843216CEB
:102FF000096808606A029308226802F180013A4673
:10300000206CFEF7C1FB80B12068C06B20F4957086
:103010002168C863264821688863A06B40F080401F
:10302000A063012084F83400ACE701202149086046
:10303000606C012801D04FEA48284FF0FF30019022
:1030400068020290902003900220049000200590D6
:103050000120069001A9206801F0DDFD012D07D9AE
:10306000822020634146206801F0E2FE064606E029
:10307000812020634146206801F0F6FE064676B1C5
:103080000B4821688863A06B3043A063012000E0F7
:1030900007E084F8340000202063012072E700205C
:1030A00070E702206EE7000025550008B1540008C3
:1030B000FF0540008C85254210B5FDF74BFD10BD86
:1030C00010B5FDF75DFD10BD2DE9F04387B0044656
:1030D000884691461D464F46B8F1000F07D1A06BB8
:1030E00040F00060A063012007B0BDE8F08394F8D1
:1030F0003400012874D10020A0637919E06D814269
:1031000005D9A06B40F00070A0630120ECE703201C
:1031100084F8340000202168C8622068C06B40F247
:103120001A2108432168C8633848E16BC8633848EE
:10313000E16BC8640020E16B0865606C012800D079
:103140007F02012D07D9A02020633946206801F0B5
:1031500069FF064606E0902020633946206801F0AA
:103160007DFF064666B12B4821688863A06B30431B
:10317000A063012084F83400002020630120B3E71D
:103180000120254908604021E06B8160E06B006808
:10319000006820F0C000E16B89680843E16B0968B2
:1031A000086069028B08216801F180024146E06BEA
:1031B000FEF7EAFAA8B12068C06B40F21A218843F2
:1031C0002168C863134821688863A06B40F0804081
:1031D000A063012084F8340000202063012083E7ED
:1031E00011E04FF0FF3001906802029090200390B0
:1031F0000020049005900120069001A9206801F0AC
:103200000AFD002070E702206EE70000B5550008B7
:10321000B1540008FF0540008C85254270B5044676
:103220000E4615460CB9012070BD94F8490028B926
:10323000002084F84800204600F01FF804F108013F
:103240002068FDF74FFE3146A2682068FDF786FE34
:103250002946236BD4E90102FDF722FEA16820680C
:1032600050F8210040F00100A268216841F82200D6
:10327000012084F849000020D6E710B50446FEF787
:10328000E1FA10BD70B504462546681EB0F1807F96
:1032900001D301200FE0681E4FF0E02148610F21AB
:1032A0004FF0FF3003F0C0FB00204FF0E0218861B9
:1032B00007200861002070BD7047704730B5024696
:1032C0000B4600BF92F83C00012801D1022030BD1E
:1032D000012082F83C0000BF022082F83D00106807
:1032E00044681068816824F070041868044310680A
:1032F0004460184D1068A8421BD01068B0F1804F90
:1033000017D0154D1068A84213D0144D1068A8426C
:103310000FD0134D1068A8420BD0124D1068A84270
:1033200007D0114D1068A84203D0104D1068A84274
:1033300005D121F0800158680143106881600120A7
:1033400082F83D0000BF002082F83C0000BF00BFB3
:10335000BDE70000000001400004004000080040FC
:10336000000C0040000401400040014000180040F3
:1033700010B504460CB9012010BD94F83D0028B9E1
:10338000002084F83C00204600F026F8022084F853
:103390003D00211D206802F003FF012084F8460053
:1033A00000BF84F83E0001213F2001554020015517
:1033B0004120015500BF00BF012084F84200432096
:1033C0000155442001554520015500BF012084F8D6
:1033D0003D000020D0E7000038B504462068B0F179
:1033E000804F18D100BF002000901548006840F0C1
:1033F0000100134908600846006800F001000090D1
:1034000000BF00BF002205211C20FEF75BFC1C2032
:10341000FEF744FC13E00B49206888420FD100BF3F
:10342000002000900648006840F00200044908604F
:103430000846006800F00200009000BF00BF38BDE1
:103440004038024000040040014691F83D00012848
:1034500001D001207047022081F83D001A4B086816
:1034600098421BD00868B0F1804F17D0174B0868FE
:10347000984213D0164B086898420FD0154B086835
:1034800098420BD0144B0868984207D0134B086839
:10349000984203D0124B086898420CD108688068A3
:1034A00000F00702062A0CD00868006840F001000E
:1034B0000B68186005E00868006840F001000B68C0
:1034C00018600020C6E70000000001400004004032
:1034D00000080040000C0040000401400040014092
:1034E00000180040014691F83D00012801D001205C
:1034F0007047022081F83D000868C06840F0010074
:103500000B68D8601A4B086898421BD00868B0F165
:10351000804F17D0174B0868984213D0164B086895
:1035200098420FD0154B086898420BD0144B08688E
:10353000984207D0134B0868984203D0124B086892
:1035400098420CD10868806800F00702062A0CD067
:103550000868006840F001000B68186005E0086822
:10356000006840F001000B6818600020C0E7000010
:10357000000001400004004000080040000C004032
:10358000000401400040014000180040014600BF17
:103590000868006A41F21112104050B90868006AC8
:1035A0009210104028B90868006820F001000A68ED
:1035B000106000BF012081F83D00002070472DE918
:1035C000F04104460D46002700BF94F83C00012856
:1035D00002D10220BDE8F081012084F83C0000BF48
:1035E000022084F83D002068866826F0770626F4DD
:1035F0007F46206886602868502833D00CDC20285D
:1036000050D004DC00284BD0102851D149E030289C
:1036100049D040284CD139E060282DD0702807D0FF
:10362000B0F5805F03D0B0F5005F41D10DE041E01F
:10363000D5E902136A68206802F033FE20688668C4
:1036400046F077062068866034E0D5E902136A68A0
:10365000206802F026FE2068806840F480402168DF
:10366000886027E0EA686968206802F00BFF502153
:10367000206802F021FE1DE0EA686968206802F017
:1036800014FF6021206802F017FE13E0EA68696801
:10369000206802F0F7FE4021206802F00DFE09E0EC
:1036A00000BF00BF00BF2968206802F005FE01E0EE
:1036B000012700BF00BF012084F83D0000BF0020AB
:1036C00084F83C0000BF384684E7704770B5044674
:1036D0002068C5682068066906F00200022819D132
:1036E00005F00200022815D1401F21680861012061
:1036F00020772068806900F0030018B12046FFF7AA
:10370000E4FF05E0204600F0C9F8204600F096F9F5
:103710000020207706F00400042819D105F00400E9
:10372000042815D1C0432168086102202077206851
:10373000806900F4407018B12046FFF7C6FF05E02D
:10374000204600F0ABF8204600F078F90020207702
:1037500006F00800082819D105F00800082815D13E
:10376000C04321680861042020772068C06900F008
:10377000030018B12046FFF7A8FF05E0204600F03F
:103780008DF8204600F05AF90020207706F010004E
:10379000102819D105F01000102815D1C043216858
:1037A0000861082020772068C06900F4407018B1D3
:1037B0002046FFF78AFF05E0204600F06FF820461C
:1037C00000F03CF90020207706F0010048B105F038
:1037D000010030B16FF0010021680861204600F05F
:1037E000B5F906F08000802809D105F08000802816
:1037F00005D1C043216808612046FFF75DFD06F052
:103800004000402809D105F04000402805D1C043C0
:1038100021680861204600F09AF906F0200020286F
:1038200009D105F02000202805D1C0432168086196
:103830002046FFF742FD70BD10B586B00446142146
:1038400001A8FCF769FD1249206888421ED100BF1B
:10385000002000900F48006840F002000D49086009
:103860000846006800F00200009000BF00BF4FF45F
:10387000004001900220029000200390022004905A
:103880000920059001A90448FEF780F806B010BD94
:1038900000180040303802400004024070472DE913
:1038A000F04104460D461646002700BF94F83C0040
:1038B000012802D10220BDE8F081012084F83C00FB
:1038C00000BF36B1042E1BD0082E31D00C2E5ED195
:1038D00045E02946206802F0F9FC2068806940F044
:1038E0000800216888612068806920F00400216850
:1038F000886120688069296908432168886148E0F7
:103900002946206802F01AFD2068806940F40060B2
:10391000216888612068806920F48060216888615E
:1039200020688069296940EA01202168886130E0C7
:103930002946206802F040FD2068C06940F0080078
:103940002168C8612068C06920F004002168C8614E
:103950002068C069296908432168C86119E02946BF
:10396000206802F065FD2068C06940F400602168AD
:10397000C8612068C06920F480602168C86120683F
:10398000C069296940EA01202168C86101E0012776
:1039900000BF00BF00BF002084F83C0000BF3846D5
:1039A00089E710B504460CB9012010BD94F83D001C
:1039B00028B9002084F83C00204600F025F80220B9
:1039C00084F83D00211D206802F0EAFB012084F804
:1039D000460000BF84F83E0001213F2001554020F1
:1039E00001554120015500BF00BF012084F842006D
:1039F00043200155442001554520015500BF0120B9
:103A000084F83D000020D0E708B50A4A01689142D9
:103A10000FD100BF002100910749096841F0400122
:103A2000054A11601146096801F04001009100BF8C
:103A300000BF08BD00180040403802407047000039
:103A400070B504460D4615B994F83E000BE0042D00
:103A500002D13F20005D06E0082D02D14020005D2C
:103A600001E04120005D012801D0012070BD1DB999
:103A7000022084F83E000EE0042D03D102213F20F5
:103A8000015508E0082D03D102214020015502E034
:103A900002214120015501222946206802F0F0FB55
:103AA00023492068884203D022492068884201D1F6
:103AB000012000E0002028B12068406C40F4004064
:103AC000216848641A49206888421BD02068B0F1F8
:103AD000804F17D018492068884213D017492068B2
:103AE00088420FD01649206888420BD011492068BF
:103AF000884207D013492068884203D012492068C1
:103B000088420CD12068806800F00706062E0CD091
:103B10002068006840F001002168086005E0206826
:103B2000006840F001002168086000209EE7000066
:103B30000000014000040140000400400008004073
:103B4000000C0040004001400018004070477047E2
:103B500010B504460CB9012010BDA06900B100E009
:103B600000BF94F8410028B9002084F840002046A6
:103B700000F02AF8242084F841002068C06820F46E
:103B800000502168C860204602F02EFD20680069C0
:103B900020F49040216808612068406920F02A00E4
:103BA000216848612068C06840F400502168C860FE
:103BB00000206064202084F8410084F84200002046
:103BC000606300BFC8E7000010B586B0044614214A
:103BD00001A8FCF7A1FB1B492068884230D100BF37
:103BE000002000901848006840F010001649086056
:103BF0000846006800F01000009000BF00BF00BF42
:103C00000020009010481438006840F001000E4970
:103C1000143908600846006800F00100009000BFF9
:103C200000BF4FF4C060019002200290002003907A
:103C3000032004900720059001A90448FDF7A6FE83
:103C400006B010BD001001404438024000000240A0
:103C50002DE9F84F04460E46174699464FF0000AE4
:103C600094F84100202850D106B117B90120BDE8D1
:103C7000F88F00206064212084F84100FDF78EFF5A
:103C80008246A784E784A068B0F5805F04D12069EC
:103C900010B90025B04602E035464FF000081EE09E
:103CA0005346002280212046CDF8009002F0B2FD5C
:103CB00020B1202084F841000320D8E745B9B8F8A6
:103CC0000000C0F308002168486008F1020803E022
:103CD0002878216848606D1CE08C401EE084E08CF0
:103CE0000028DDD15346002240212046CDF8009027
:103CF00002F090FD20B1202084F841000320B6E7B7
:103D0000202084F841000020B1E70220AFE700BF87
:103D1000FEE7000070B505460D4800880C4949884B
:103D200000FB01F60A484088401E83B2084800881C
:103D3000401E82B20021084600F098F8002403E0FB
:103D4000284606F0A3FD641CB442F9D370BD000000
:103D5000300500202DE9FF4F85B081468A460020BE
:103D60000390834600260798A0EB09040898A0EB6F
:103D70000A05CDF80890CDF804A0002C01DD01273C
:103D800005E00CB9002702E04FF0FF376442002D38
:103D900002DD4FF0010806E015B94FF0000802E01F
:103DA0004FF0FF386D42AC4201DD264600E02E4662
:103DB000002004901EE0019A91B2029A90B2129AE9
:103DC00000F01FF8039820440390AB440398B042DE
:103DD00005DD0398801B0390029838440290B34598
:103DE00004DDABEB060B0198404401900498401CA5
:103DF00080B20490711C04988842DCDB09B0BDE8F5
:103E0000F08F70B505460E4614463146284600F040
:103E100007F800F017F9204606F038FD70BD0000E5
:103E200070B504460D4610480088A04201DA0E48DD
:103E300004880D484088A84201DA0B4845880A49A1
:103E4000088906F033FD201206F020FDE0B206F0EE
:103E50001DFD0549488906F029FD281206F016FDCA
:103E6000E8B206F013FD70BD300500202DE9F041E9
:103E700004460D4616461F461149088906F016FDF0
:103E8000201206F003FDE0B206F000FD301206F04D
:103E9000FDFCF0B206F0FAFC0949488906F006FD7F
:103EA000281206F0F3FCE8B206F0F0FC381206F037
:103EB000EDFCF8B206F0EAFC00F0C4F8BDE8F081D1
:103EC000300500202DE9F05F0546894692461C46E4
:103ED0002E462046E21704EB5272D2102146E31719
:103EE00004EB5373DB10A4EBC3030BB1012300E01D
:103EF00000231A4462431FFA82FB00F0A3F8002754
:103F000093E04FF0000889E00C2C20D10AEB4A0026
:103F1000484901EBC000C05D012101FA08F10840E9
:103F200028B1494628460A9AFFF76BFF04E0494644
:103F300028460B9AFFF765FF681C85B2A81BA042B4
:103F400068D1354609F101001FFA80F96AE0102CAA
:103F50001ED1394800EB4A10C15D012000FA08F07B
:103F6000014029B1494628460A9AFFF74AFF04E072
:103F7000494628460B9AFFF744FF681C85B2A81BE8
:103F8000A04247D1354609F101001FFA80F949E006
:103F9000182C20D10AEBCA00284901EBC000C05DF3
:103FA000012101FA08F1084028B1494628460A9A39
:103FB000FFF727FF04E0494628460B9AFFF721FF49
:103FC000681C85B2A81BA04224D1354609F1010026
:103FD0001FFA80F926E01A4800EBCA10C15D0120E3
:103FE00000FA08F0014029B1494628460A9AFFF72D
:103FF00008FF04E0494628460B9AFFF702FF681CB9
:1040000085B2A81BA04205D1354609F101001FFA6F
:1040100080F907E008F1010000F0FF08B8F1080F8F
:10402000FFF672AF00BF781CC7B25F45FFF669AFFD
:10403000BDE8F09F841101082C1201080C1301083F
:10404000441701080248C0880249088070470000F0
:10405000300500207E00006C2DE9FC4107463979CF
:10406000F888012203F012FE804600BFCD26A8F199
:104070000100C0EBC00101EB0010012101EB400584
:10408000B8F1000F01D140F20F1529462BA002F024
:1040900085FC012449E00A2C0DDA002047F67C510A
:1040A000A3B2CDE90010B1B205F1080290B220220E
:1040B00006F0C2FB0AE0002047F67C51A3B2CDE92E
:1040C0000010B1B2A8B2202206F0B6FBF878A042E8
:1040D00024D106F1100291B205F1100290B21F2313
:1040E000162205F0DDF90A2C0DDA1F204FF6FF71BC
:1040F000A3B2CDE90010B1B205F1080290B22022BE
:1041000006F09AFB0AE01F204FF6FF71A3B2CDE93B
:104110000010B1B2A8B2202206F08EFB2D35B5F505
:10412000967F01DD01252436641C3879401E05493F
:10413000085CA042AFDABDE8FC810000783D256450
:104140000D0A0000C41F01082DED028B00BF642082
:1041500008F014FA20484068401C1F4948601420A9
:10416000FCF7F6FB044600EE104AB8EE400ADFED1D
:104170001B0A20EE208A1A4890ED000A38EE400A09
:10418000B0EEC00ADFED170AB4EEE00AF1EE10FA65
:10419000DDDB9FED150A28EE000ABCEEC00A10EE2A
:1041A000100AC5B2FF2D00DDFF25C5F1FF05322144
:1041B0000E48006808F020FF0128C8D10C480068AC
:1041C0008563074880ED008A00231A461946074890
:1041D000006808F0B7FCBAE79C0100203333533A7B
:1041E00000000020CDCC4C3ECA269B42200000207F
:1041F000900400201FB500200090019002900390D1
:104200001548164908604FF4803048600021134873
:1042100081600161017680F82010C16210498162DD
:104220000021C1600121C161002180F8301001210D
:104230004161FCF779FF08B1FCF70AFE0520009008
:10424000012001900020029069460448FCF7A2FE7C
:1042500008B1FCF7FDFD1FBD00220140B4010020A4
:104260000100000F08B500BF002000900E48006854
:1042700040F480000C4908600846006800F48000A3
:10428000009000BF00BF002205213B20FDF71AFD72
:104290003B20FDF703FD002205214520FDF712FD1F
:1042A0004520FDF7FBFC08BD3038024010B503493E
:1042B0000348FCF7D0FD0349087010BD89010020B8
:1042C000D01F0108880100202DE9F043ADF6440D10
:1042D0006FA240210DF6040002F070FB0DF6040001
:1042E000FCF731F81FFA80F94FF0FF334A460DF61C
:1042F00004016C48FFF7ACFC6B48FFF7F3F80421AE
:104300006A48FFF79DFB7D2068490968886305F0CE
:1043100079F867490868804703F096FB9FED650AC6
:10432000654880ED000A9FED650A80ED010A4FF4B3
:10433000A07061490881084603F056FC4FF47A707A
:10434000FDF76CFA5E48007888B901205C49087076
:10435000C20201A95BA003F0B1FA20B101A95CA0DF
:1043600002F01CFB02E062A002F018FB00BF01207B
:1043700008F074FB6149086061480023012261492B
:10438000009061A009F02EF96149086008460068B4
:1043900080B108F075FF81460A2000234A460121BA
:1043A00000905B48006809F063F9012802D159A028
:1043B00002F0F4FA00220121052008F05BFB5F49BE
:1043C00008605F48052100234FF48072CDE900109A
:1043D0005CA15F4808F012FF04461CB95DA002F022
:1043E000DDFA02E064A002F0D9FA6C48042100234F
:1043F0008A01CDE900106AA16B4808F0FFFE05466E
:104400001DB96AA002F0CAFA02E06FA002F0C6FA73
:104410000020012103464A02CDE9001071A1744831
:1044200008F0ECFE06461EB972A002F0B7FA02E0F0
:1044300079A002F0B3FA8148022100234A02CDE9B3
:1044400000107FA1804808F0D9FE07461FB97FA061
:1044500002F0A4FA02E085A002F0A0FA8B48012144
:1044600000230A02CDE9001089A18C4808F0C6FE9D
:104470008046B8F1000F03D189A002F08FFA02E064
:104480008FA002F08BFA0DF6440DBDE8F08300001A
:1044900052544320496E697469616C697A65640D90
:1044A0000A000000D804002000040020900400202E
:1044B000B40000206666CA41A801002000007242D4
:1044C0002C000020323032362D30372D30310000B4
:1044D0000D0A3D3D3D20E69FA5E8AFA2E7BB93E670
:1044E0009E9C203D3D3D0D0A25730D0A00000000F5
:1044F000E697A0E695B0E68DAE0D0A0020000020FC
:1045000025B9000840771B0073746F7261676500FE
:104510002400002053746F72616765206C617465BC
:104520006E6379207374617274656420283330205F
:104530006D696E75746573290D0A000028000020EE
:1045400014000020746F7563682D544654000000F9
:10455000D564000843726561746520746F75636883
:104560002D544654207461736B2066616C696564D8
:1045700021200D0A000000004372656174652074FB
:104580006F7563682D544654207461736B20737586
:104590006363657373210D0A000000000C000020A6
:1045A00050574D2D44414300494100084372656115
:1045B00074652070776D207461736B206661696C1F
:1045C0006564210D0A000000437265617465207006
:1045D000776D207461736B207375636365737321EA
:1045E0000D0A000053656E736F72446174610000C0
:1045F000756000084372656174652053656E736F62
:104600007244617461207461736B206661696C65CA
:1046100064210D0A00000000437265617465205337
:10462000656E736F7244617461207461736B207383
:10463000756363657373210D0A000000100000208C
:1046400073637265656E0000F15C0008437265611A
:1046500074652073637265656E207461736B206688
:10466000616C696564210D0A000000004372656198
:1046700074652073637265656E207461736B20735B
:10468000756363657373210D0A0000001800002034
:104690007774616368646F6700000000A5680008B4
:1046A000437265617465207761746368646F672025
:1046B0007461736B206661696C6564210D0A00008A
:1046C000437265617465207761746368646F672005
:1046D0007461736B2073756363657373210D0A00D6
:1046E00000B58FB01C2108A8FBF716FE1C2101A8FD
:1046F000FBF712FE4FF02040394908603948486006
:104700000620886000213648C160016110214161A6
:1047100000218161C161016241624FF48051816277
:104720000021C1624FF48041016300214163816334
:1047300041640F2008900990FF200A900F200B90F1
:1047400010200C9011200D9000200E90022001905E
:104750000F200290FF20039002200490102005906B
:10476000112006900020079001AA08A91C48FEF716
:1047700055FD08B1FCF76CFB4FF020401A4908606A
:10478000184848600420886000211748C160016112
:104790001021416100218161C161016241624FF4D8
:1047A000805181620021C162016341638163416480
:1047B000002008900F20099008200A9000200B90FC
:1047C00010200C9011200D9000200E90002208A9BE
:1047D0000548FEF723FD08B1FCF73AFB0FB000BD1A
:1047E000FC010020040100A04C02002000B587B0AD
:1047F000142102A8FBF790FD00BF0020019069483A
:10480000006840F00400674908600846006800F04E
:104810000400019000BF00BF00BF002001900846C7
:10482000006840F0200008600846006800F02000A2
:10483000019000BF00BF00BF002001900846006843
:1048400040F0800008600846006800F08000019099
:1048500000BF00BF00BF002001900846006840F084
:10486000020008600846006800F00200019000BFE6
:1048700000BF00BF002001900846006840F04000E3
:1048800008600846006800F04000019000BF00BFCB
:1048900000BF002001900846006840F0100008604A
:1048A0000846006800F01000019000BF00BF00BF84
:1048B000002001900846006840F0080008600846A3
:1048C000006800F00800019000BF00BF00BF00209A
:1048D00001900846006840F0010008600846006842
:1048E00000F00100019000BF00BF00224FF4005112
:1048F0002D48FDF74DF900224FF470612B48FDF76C
:1049000047F9002201212A48FDF742F900224FF41D
:1049100000712848FDF73CF94FF400500290012047
:10492000039004900020059002A91F48FDF72EF87F
:104930004FF4E06002900120039000200490059065
:1049400002A91A48FDF722F8012002900390049072
:104950000020059002A91648FDF718F806200290DD
:10496000002003900120049002A91148FDF70EF8E1
:104970004FF4006002900120039004900220059003
:1049800002A90A48FDF702F84FF4007002900120D6
:10499000039004900220059002A90648FCF7F6FF58
:1049A00007B000BD30380240000802400014024049
:1049B000000402400018024010B50A480A49086085
:1049C000002048607F2108488160FF21C1600021EC
:1049D000016141618161FDF779FE08B1FCF738FAA8
:1049E00010BD0000002800409C0200200648074936
:1049F000086000204860002104488160C1600161B6
:104A00004161042181617047002C0140BC020020FB
:104A100000B587B01C216846FBF77EFC124813499D
:104A2000086053204860002110488160FF21C16068
:104A3000002101618161FEF7B4FF08B1FCF708FABB
:104A400060200090002001900290049004226946AA
:104A50000648FEF724FF08B1FCF7FAF90348FEF711
:104A6000EBFE07B000BD00000018004090040020DD
:104A700000B587B000200390049005900690019047
:104A800002904FF080401449086053204860002194
:104A90001148816042F20F71C160002101618161A2
:104AA000FEF766FC08B1FCF7D3F94FF48050039091
:104AB00003A90948FEF783FD08B1FCF7C9F90020F6
:104AC0000190029001A90448FEF7F8FB08B1FCF739
:104AD000BFF907B000BD00000004002000B587B09A
:104AE00000200390049005900690019002901448D5
:104AF00014490860532048600021124881604FF635
:104B0000FF71C160002101618161FEF731FC08B1D4
:104B1000FCF79EF94FF48050039003A90948FEF773
:104B20004EFD08B1FCF794F900200190029001A914
:104B30000448FEF7C3FB08B1FCF78AF907B000BDD3
:104B4000000400404804002010B50B480B490860E1
:104B50004FF4E1304860002108488160C160016184
:104B60000C21416100218161C161FEF7F1FF08B1B3
:104B7000FCF76EF910BD000000100140D8040020C1
:104B800000BFFEE700BFFEE7014600BF080900EBDB
:104B90008000420001F00F001044C0B2704770B5B1
:104BA0000446002600252068C06800F04000C8B90F
:104BB0002068C06840F080002168C860FCF7EEFF04
:104BC000064608E0FCF7EAFF801BB0F57A7F02D9C1
:104BD0000420607701252068C06800F0400008B913
:104BE000012DEFD1284670BD70B504460025206820
:104BF000C06820F080002168C8602068806800F0EC
:104C0000200030B92046FDF7D9FD10B104206077AF
:104C10000125284670BD10B5024600230868506281
:104C200048689062D1E9020420430C6920434C6932
:104C300020430343D06A20F0F7001843D0620020DD
:104C400010BD01460869C0B270470146086800F00F
:104C500003007047024602F11400431818687047B9
:104C600010B50248FDF73AFF10BD0000BC0200205D
:104C70000FB410B504460021DDE903021043059A84
:104C80001043069A1043079A1043089A10430143B1
:104C9000606847F6FF62904308436060002010BCE4
:104CA0005DF814FB014603200860002070470146B0
:104CB000D1F88000704710B5024600230868906064
:104CC000D1E901042043CC6820430C69204303430D
:104CD000D0686FF30B001843D060002010BD02466F
:104CE0000868C2F880000020704770B585B005469E
:104CF0000C46009437200190402002900020039041
:104D00004FF48060049069462846FFF7D4FF41F2D3
:104D100088323721284600F0DDF90646304605B0D6
:104D200070BD000070B585B005460C460B482043A9
:104D300000902920019040200290002003904FF421
:104D40008060049069462846FFF7B5FF284600F0CA
:104D5000C9FA0646304605B070BD0000000010805C
:104D600070B585B005460C46009410200190402097
:104D70000290002003904FF480600490694628461A
:104D8000FFF799FF41F288321021284600F0A2F97E
:104D90000646304605B070BD70B585B005460C4678
:104DA00000940620019040200290002003904FF4D0
:104DB0008060049069462846FFF77DFF41F2883203
:104DC0000621284600F086F90646304605B070BD3B
:104DD00030B585B004460020009001900290039009
:104DE0004FF48060049069462046FFF764FF204638
:104DF00000F050F90546284605B030BD30B585B005
:104E000004464FF4D5700090082001904020029095
:104E1000002003904FF48060049069462046FFF71D
:104E20004AFF204600F0E6FA0546284605B030BDA8
:104E300070B585B005460C460094122001904020C4
:104E40000290002003904FF4806004906946284649
:104E5000FFF731FF41F288321221284600F03AF97B
:104E60000646304605B070BD70B585B005460C46A7
:104E700000941120019040200290002003904FF4F4
:104E80008060049069462846FFF715FF41F288329A
:104E90001121284600F01EF90646304605B070BDC7
:104EA000F0B585B0064614461D46009407200190D3
:104EB00040200290002003904FF4806004906946E7
:104EC0003046FFF7F8FE41F288320721304600F005
:104ED00001F90746384605B0F0BD30B585B0044647
:104EE0000020009002200190C0200290002003903A
:104EF0004FF48060049069462046FFF7DCFE2046B0
:104F000000F0BEF90546284605B030BD70B585B045
:104F100005460C46009409200190C0200290002014
:104F200003904FF48060049069462846FFF7C3FE63
:104F3000284600F0A5F90646304605B070BD30B5EC
:104F400085B004460020009033200190402002905C
:104F5000002003904FF48060049069462046FFF7DC
:104F6000AAFE41F288323321204600F0B3F805460C
:104F7000284605B030BD70B585B005460C46009496
:104F80000D20019040200290002003904FF480609B
:104F9000049069462846FFF78EFE41F288320D21C3
:104FA000284600F097F80646304605B070BD70B54B
:104FB00085B005460C46002000900320019040205B
:104FC0000290002003904FF48060049069462846C8
:104FD000FFF771FE22460321284600F0AFF906468E
:104FE000304605B070BD000030B585B004460020E5
:104FF00000900C20019040200290002003904FF47C
:105000008060049069462046FFF755FE044A0C2153
:10501000204600F05FF80546284605B030BD000088
:1050200000E1F50570B585B005460C4600941920E1
:10503000019040200290002003904FF48060049083
:1050400069462846FFF737FE41F288321921284683
:1050500000F040F80646304605B070BD70B585B02A
:1050600005460C4600941820019040200290002034
:1050700003904FF48060049069462846FFF71BFEBA
:1050800041F288321821284600F024F806463046BE
:1050900005B070BD01460E480068C0084FF47A7331
:1050A000B0FBF3F041F2883300FB03F200BF101EA7
:1050B000A2F1010202D14FF000407047486B00F0AE
:1050C00080000028F3D0C52088630020F5E70000A9
:1050D000480000202DE9F04305460F4690466648FB
:1050E0000068C0084FF47A71B0FBF1F000FB08F9DA
:1050F00000BFB9F10000A9F1010903D14FF0004050
:10510000BDE8F0836E6B06F045000028F1D006F490
:1051100000600028EDD1686B00F0040010B104209D
:10512000A863EDE7686B00F0010010B10120A863EF
:10513000E6E7C520A8632846FFF783FDB84201D003
:105140000120DDE700212846FFF784FD04464B4897
:10515000204008B90020D3E704F00040B0F1004F30
:1051600002D14FF00070CBE704F08040B0F1804FE7
:1051700001D14020C4E704F00050B0F1005F01D13C
:105180008020BDE704F08050B0F1805F02D14FF481
:105190008070B5E704F00060B0F1006F02D14FF409
:1051A0000070ADE704F08060B0F1806F02D14FF481
:1051B0008060A5E704F08070B0F1807F02D14FF4E9
:1051C00000609DE704F40000B0F5000F02D14FF439
:1051D000805095E704F48000B0F5800F02D14FF4C1
:1051E00000508DE704F40010B0F5001F02D14FF419
:1051F000804085E704F48010B0F5801F02D14FF4A1
:1052000000407DE704F48020B0F5802F02D14FF4F8
:10521000003075E704F40030B0F5003F02D14FF4E0
:1052200080206DE704F48030B0F5803F02D14FF468
:10523000002065E704F40040B0F5004F02D14FF4C0
:1052400080105DE704F48040B0F5804F02D14FF448
:10525000001055E704F40050B0F5005F02D14FF4A0
:1052600080004DE704F00800082801D1000547E759
:105270004FF4803044E700004800002008E0FFFDC4
:1052800010B5014616480068C0084FF47A74B0FBA8
:10529000F4F041F2883400FB04F300BF181EA3F1C0
:1052A000010302D14FF0004010BD4A6B02F04500EF
:1052B0000028F3D002F400600028EFD1486B00F022
:1052C000040010B104208863EEE7486B00F0010091
:1052D00010B101208863E7E7C52088630020E3E779
:1052E0004800002010B5014613480068C0084FF47C
:1052F0007A74B0FBF4F041F2883400FB04F300BF91
:10530000181EA3F1010302D14FF0004010BD4A6BFB
:1053100002F045000028F3D002F400600028EFD12D
:10532000486B00F0040010B104208863EEE7C5204C
:1053300088630020EAE70000480000202DE9F043E0
:1053400004460F4690462A480068C0084FF47A7118
:10535000B0FBF1F041F2883100FB01F900BFB9F177
:105360000000A9F1010903D14FF00040BDE8F0832E
:10537000666B06F045000028F1D006F400600028B6
:10538000EDD1606B00F0040010B10420A063EDE7E4
:10539000606B00F0010010B10120A063E6E7204639
:1053A000FFF74FFCB84201D00120DFE7C520A06322
:1053B00000212046FFF74EFC054605F4604020B969
:1053C000280CA8F800000020D0E705F48040B0F5D4
:1053D000804F02D14FF40050C8E705F40040B0F50B
:1053E000004F02D14FF48050C0E74FF48030BDE74A
:1053F0004800002010B5014618480068C0084FF466
:105400007A74B0FBF4F041F2883400FB04F300BF7F
:10541000181EA3F1010302D14FF0004010BD4A6BEA
:1054200002F045000028F3D002F400600028EFD11C
:10543000486B00F0040010B104208863EEE7486B6D
:1054400000F0010010B101208863E7E7486B00F02D
:10545000400008B1402088630020DFE748000020BA
:1054600010B5064C01202070FBF73AFB18B92078E4
:1054700020F001002070207810BD00008001002085
:1054800070B5054605F008FB044605F005FB001B5A
:10549000A84207D2FBF724FB38B105F0FDFA001B48
:1054A000A842F7D34FF0FF3070BD002070BD000060
:1054B0002DE9F0410646B46B3046FBF7CBFF0228DE
:1054C0002CD0206C476DE06BD0F85480012F02D0B7
:1054D000B8F1010F1FD11248216888632068C06BA2
:1054E00020F49D702168C863A06B40F08040A063E9
:1054F0002046FDF7E0FA0546062D01D0052D05D121
:105500002068FFF771FDA16B0843A063012084F8B8
:105510003400002020632046FDF7D4F9BDE8F08177
:10552000FF05400070B50646B46B206B82280AD197
:105530002068FFF759FD05462DB1A06B2843A063F5
:105540002046FDF7BFF92068C06A20F008002168F6
:10555000C86240F23A5021688863012084F8340020
:10556000002020632046FDF7A7FD70BD70B50546FD
:10557000AC6B40F23A50216888632046FDF79BFAF5
:105580000646012084F8340000202063062E01D056
:10559000052E05D12068FFF727FDA16B0843A06306
:1055A000A06B18B92046FDF725F902E02046FDF76B
:1055B00089F970BD0146886B0268D26B42F4807233
:1055C0000368DA63704770B50546AC6B40F23A5039
:1055D000216888632046FDF76EFA0646012084F8AC
:1055E000340000202063062E01D0052E05D120684E
:1055F000FFF7FAFCA16B0843A063A06B18B9204623
:10560000FDF7F8F802E02046FDF75CF970BD2DE9E2
:10561000F04389B004460F46FCF7C0FA81464FF0CC
:1056200000080020019002903E4608212068FFF704
:1056300097FB05461DB1284609B0BDE8F08350220E
:10564000125B11042068FFF750FB05460DB1284698
:10565000F2E74FF0FF3003900820049030200590CF
:1056600002200690002007900120089003A92068DE
:10567000FFF7D1FA2068FFF762FC05460DB1284616
:10568000DAE71CE02068406B00F4001040B12068AD
:10569000FFF70DFB01A941F8280008F1010805E01A
:1056A0002068406B00F4005000B90EE0FCF776FA79
:1056B000A0EB0900401C10B94FF00040BCE7206887
:1056C000406B00F02A000028DCD000BF2068406B4F
:1056D00000F0080020B92068406B00F4007018B199
:1056E000082021688863A7E72068406B00F002006B
:1056F00018B10220216888639EE72068406B00F0A3
:10570000200018B120202168886395E740F23A50C4
:105710002168886302980006029901F47F4140EAFB
:105720000120029901F47F0140EA1120029940EA28
:1057300011603060361D01980006019901F47F4127
:1057400040EA0120019901F47F0140EA112001990A
:1057500040EA1160306000206EE730B58FB004463B
:10576000012003902068FFF770FA18B94FF08060AD
:105770000FB030BD606C03281BD02068FFF7ADFB75
:1057800005460DB12846F3E700212068FFF762FACD
:10579000606704212068FFF75DFAA0670821206890
:1057A000FFF758FAE0670C212068FFF753FA8021D1
:1057B0000851606C032807D003A92068FFF7F7FBA6
:1057C00005460DB12846D3E7606C032820D0BDF80C
:1057D0000C1021655022125B11042068FFF796FB24
:1057E00005460DB12846C3E700212068FFF732FACD
:1057F000606604212068FFF72DFAA0660821206862
:10580000FFF728FAE0660C212068FFF723FA2067EB
:1058100004212068FFF71EFA010DE16404A9204667
:10582000FDF752F810B14FF08050A1E75020005B17
:1058300001040A4600232068FFF732FB05460DB13C
:10584000284695E7D4E90412A069CDE90012029038
:1058500094E80F00FFF70CFA002089E7F8B504463A
:1058600000200090002600272068FFF7B1FA0546C7
:105870000DB12846F8BD2068FFF7C0FA054645B1CE
:105880000021A1642068FFF7A3FA05461DB1284650
:10589000F0E70121A164A06C012808D10021206853
:1058A000FFF723FA054615B14FF08050E2E71DE0FF
:1058B00000212068FFF719FA05460DB12846D9E7FF
:1058C00018492068FFF72EFA054615B14FF08050B1
:1058D000D0E700212068FFF7BDF90646012080EAE5
:1058E000D67080F001070098401C00904FF6FF71C1
:1058F0000098884201D2002FDAD04FF6FF7100984D
:10590000884202D34FF08070B4E706F08040B0F1D7
:10591000804F02D10120606401E00020606400201B
:10592000A8E70000000010C12DE9F0410546AC6A6F
:10593000EF6AE7B14FF0000814E02868FFF7B7F905
:1059400006462670641C7F1E300A2070641C7F1E71
:10595000300C2070641C7F1E300E2070641C7F1E73
:1059600008F10108B8F1080FE7D3AC62EF62BDE8B7
:10597000F08170B504460D4615B94FF0006070BD5A
:105980005022125B11042068FFF7F5FA06460EB1AB
:105990003046F4E700212068FFF75CF9286000201A
:1059A000EDE77CB5044600200090019000212068BE
:1059B000FFF750F900F00070B0F1007F02D14FF412
:1059C00000607CBD69462046FFF721FE05460DB10B
:1059D0002846F6E7019800F4803098B15022125B17
:1059E00011042068FFF781F905460DB12846E8E764
:1059F00000212068FFF7D0F905460DB12846E0E701
:105A00000020DEE74FF08060DBE77CB50446002035
:105A10000090019000212068FFF71CF900F0007051
:105A2000B0F1007F02D14FF400607CBD6946204692
:105A3000FFF7EDFD05460DB12846F6E7019800F4A5
:105A4000802098B15022125B11042068FFF74DF9B5
:105A500005460DB12846E8E702212068FFF79CF9CA
:105A600005460DB12846E0E70020DEE74FF08060F4
:105A7000DBE7F8B505462C6A6E6A1EB300271DE009
:105A800020780090641C761E2078009941EA00205E
:105A90000090641C761E2078009941EA0040009036
:105AA000641C761E2078009941EA00600090641C16
:105AB000761E69462868FFF712F97F1C082FDFD38E
:105AC0002C626E62F8BD000030B583B00546124C02
:105AD0000120207004F0D2FFD8B1FBF70DF818B9FF
:105AE0002846FFF7BDFC20702078012811D060689F
:105AF00048B90A4841680068019100900021684651
:105B000004F0D6FF6060606818B9207840F00100AA
:105B10002070207803B030BD80010020E41F010810
:105B200010B588B014461748007810F0010F02D065
:105B300008B0032010BD41B1012909D002290FD0BE
:105B4000032915D0042008B010BD002008B010BDF6
:105B50006846FAF7BFFF06982060002008B010BD25
:105B60006846FAF7B7FF07982080002008B010BDFC
:105B70006846FAF7AFFF0798400A2060002008B097
:105B800010BD000080010020F0B587B00C4615461E
:105B90001F46012647F23050FFF772FC002802DA58
:105BA00007B03046F0BD3A4629462046FAF7C4FF12
:105BB00020BB154847F23052416801A804F07EFF2F
:105BC0000198039A0299069205910490049810286E
:105BD00014D10598012811D104F05EFF044604F0A9
:105BE0005BFF001B47F23055A84207D2FAF778FF57
:105BF00038B104F051FF001BA842F7D307B030467C
:105C0000F0BD0026FAE7000080010020FFF728BC65
:105C1000F0B587B00C4615461F46012647F23050B6
:105C2000FFF72EFC002802DA07B03046F0BD3A46F6
:105C300029462046FAF796FF20BB154847F2305216
:105C4000416801A804F03AFF0198039A029906926C
:105C5000059104900498102814D10598022811D1B8
:105C600004F01AFF044604F017FF001B47F23055FA
:105C7000A84207D2FAF734FF38B104F00DFF001B39
:105C8000A842F7D307B03046F0BD0026FAE700007F
:105C90008001002010B586B00446142101A8FAF74F
:105CA0003BFB00200090002201A91048FCF7E0FC1B
:105CB000002269460D48FCF7B5FC9DF804002070F1
:105CC0009DF8050060709DF80600A0709DF8020028
:105CD000E0709DF8010020719DF8030000F5FA6066
:105CE000E0809DF80000207206B010BD9C020020EC
:105CF0008CB000200B900A90FEF70CF800BFC82073
:105D000006F03CFCC1488068401CC049886007A878
:105D1000FFF7C0FF9DF81E0000909DF81D309DF814
:105D20001C20BBA103A800F063FE6421BC480068EE
:105D300007F062F901282FD19DF82400072190FB7C
:105D4000F1F201FB1200B74951F8204000204FF654
:105D5000E07123461822CDE9001001460A2004F024
:105D6000D3FCB148007850B100204FF6E07103AB8E
:105D70004022CDE9001028210F2004F091FC03AB54
:105D8000402228210F2006F00FFA00231A46194658
:105D9000A348006806F0D6FEA348007800287DD00E
:105DA00064219F48006807F027F9012877D148F25D
:105DB000304082234FF4A072194600900020FDF776
:105DC000C9FF002048F21F41CDE900109DF82030A6
:105DD0002022872104F030FD002048F21F4193A3C8
:105DE0002022CDE9001087210E2004F08DFC002038
:105DF00048F21F41CDE90010BDF822302022872152
:105E00007D2004F019FD002048F21F4188A32022C4
:105E1000CDE900108721BE2004F076FC48F2304323
:105E20004FF4A072A521002003F01EFB48F230437E
:105E30004FF4A072A621002003F016FB002047F6C5
:105E40007C517CA32022CDE90010AA21012004F07E
:105E50005BFC002047F67C5177A32022CDE900109F
:105E6000AA21302004F050FC002047F67C5173A397
:105E70002022CDE90010AA215F2004F045FC00207B
:105E800047F67C516EA32022CDE90010AA218E2076
:105E900004F03AFC002047F67C5101E072E06EE02D
:105EA00068A32022CDE90010AA21BD2004F02CFC1B
:105EB000002047F67C5164A32022CDE90010AA21DE
:105EC000ED2004F021FC002047F67C515FA3202246
:105ED000CDE90010AA214FF48E7004F015FC07A83C
:105EE000FEF7BAF85A490BA801F03EFF48F23043DA
:105EF0004FF4A0724FF4DC71002003F0B5FA48F2C1
:105F000030434FF4A07240F2B911002003F0ACFA14
:105F100000204EF65B714FA32022CDE9001040F225
:105F2000BF1104F0F1FB00204EF65B714DA320225F
:105F3000CDE9001040F2BF11812004F0B1FB002038
:105F40004FF6FF71CDE9001041480378202240F25E
:105F5000BF11A22004F070FC00204FF6FF7142A395
:105F60002022CDE900104FF4E171C32004F0CCFBF6
:105F700000231A4619462A48006806F0E3FD00206F
:105F80002949087007F07CF938490968401A42F23B
:105F9000107188422FD307F073F9344908600AA9B9
:105FA0000BA801F0E1FE9DF82800294909788842F4
:105FB00021D09DF82800F0B19DF8280024490870F0
:105FC00032211748006807F017F8012813D1002084
:105FD0004FF6FF71CDE900109DF82830202240F2E5
:105FE000BF11A22004F028FC00231A4619460C48D1
:105FF000006806F0A7FD9DF81D0018B19DF81D0072
:106000001E2802D11AA000F0C9FC78E69C010020ED
:10601000253032643A253032643A2530326400004B
:1060200020000020980000202E000020E69C880020
:10603000E5B9B400E4B88000E4BA8C00E4B88900A3
:10604000E59B9B00E4BA9400E585AD00E697A500CA
:106050002D000020E5AEA4E58685E6B8A9E5BAA640
:10606000000000003A000000E284830030000020BD
:10607000333000000EB500BF07F002F905A000F0B4
:106080008DFC06E06846FFF705FE42F2107006F050
:1060900075FAF7E753656E736F72446174615F540C
:1060A00061736B20E590AFE58AA80D0A000000003F
:1060B00010B5FBF779FD07F0D5F8012801D006F0FF
:1060C000B7FC10BD00B593B0302107A8FAF724F94A
:1060D000142102A8FAF720F900BF002001902548FA
:1060E000006840F08050234908600846006800F0CE
:1060F0008050019000BF00BF00BF002001901E48EB
:10610000006840F480401C4908600846006800F4BC
:106110008040019000BF00BF052007904FF4803001
:1061200008900120099002200D9041050E91042154
:106130000F91A8211091022111910721129107A816
:10614000FCF722F808B1FAF783FE0F200290022034
:106150000390002004904FF4A05005904FF480501D
:106160000690052102A8FBF7CFFE08B1FAF770FEF2
:1061700013B000BD40380240007000400348006882
:1061800040F47000014908607047000088ED00E0AD
:1061900010B50248FDF79AFA10BD00000004002077
:1061A00010B502682B4B98420ED0B0F1804F0BD047
:1061B000294B984208D0294B984205D0284B984249
:1061C00002D0284B984203D122F070024B681A4348
:1061D000204B984220D0B0F1804F1DD01E4B9842EA
:1061E0001AD01E4B984217D01D4B984214D01D4B0D
:1061F000984211D01C4B98420ED01C4B98420BD0A9
:106200001B4B984208D01B4B984205D01A4B984222
:1062100002D01A4B984203D122F44072CB681A4341
:1062200022F080034C6943EA04028B68C3620B6866
:106230008362084B984202D00A4B984201D10B6905
:106240000363036843F004030360012343610260B6
:1062500010BD0000000001400004004000080040A4
:10626000000C004000040140004001400044014097
:106270000048014000180040001C00400020004081
:1062800030B501F01F05012404FA05F3046A9C43AC
:106290000462046A01F01F0502FA05F52C4304624A
:1062A00030BD30B50C46816821F47F4142EA0325B8
:1062B00025432943816030BD0A46816821F0700181
:1062C00042F00703194381607047000030B5026A4D
:1062D000056A25F0010505624368846924F07004AD
:1062E00024F003040D682C4322F002028D682A4337
:1062F000104DA84200D103E00F4DA84206D100BFC7
:1063000022F00802CD682A4322F00402094DA84277
:1063100002D0094DA84207D123F4807323F40073FF
:106320004D692B438D692B43436084614D68456300
:10633000026230BD000001400004014030B5026A35
:10634000056A25F0100505624368846924F4E04479
:1063500024F440740D6844EA052422F020028D687C
:1063600042EA0512124DA84200D103E0114DA842A5
:1063700007D100BF22F08002CD6842EA051222F068
:1063800040020B4DA84202D00A4DA84209D123F485
:10639000806323F400634D6943EA85038D6943EA12
:1063A0008503436084614D688563026230BD0000EF
:1063B000000001400004014030B5026A056A25F47E
:1063C000807505624368C46924F0700424F00304F6
:1063D0000D682C4322F400728D6842EA0522124DAA
:1063E000A84200D103E0114DA84207D100BF22F41A
:1063F0000062CD6842EA052222F480620A4DA8427A
:1064000002D00A4DA84209D123F4805323F400534B
:106410004D6943EA05138D6943EA05134360C4617E
:106420004D68C563026230BD0000014000040140B8
:1064300030B5036A056A25F4805505624468C2696F
:1064400022F4E04222F440720D6842EA052223F46D
:1064500000538D6843EA0533084DA84202D0084D29
:10646000A84204D124F480444D6944EA8514446070
:10647000C2614D680564036230BD00000000014048
:106480000004014030B50B461446026A056A25F047
:1064900001050562816921F0F00141EA041122F051
:1064A0000A021A438161026230BD30B50B461446C0
:1064B000026A056A25F010050562816921F47041C0
:1064C00041EA043122F0A00242EA03128161026231
:1064D00030BD000008B50020009000BF002400255A
:1064E00000BF1421684606F071F81A480068401C85
:1064F0001849086018484168002088471648808E6F
:1065000000F4004028B124B9012400BF06F0B8FE11
:106510000546012C08D11048808E00F4004018B1C7
:1065200006F0AEFE461B00BF0B48808E00F4004014
:1065300010B9012C00D10024012CD2D106F0A0FE0C
:10654000401BB0F57A7FCCD904A000F027FA0024D4
:10655000C7E700009C010020B4000020546F756361
:10656000682074696D656F75742C2072657365742D
:106570002073746174650D0A0000000000BF00BF45
:1065800002680C3252E8002F22F4907102680C323B
:1065900042E80013002BF3D100BF00BF00BF026828
:1065A000143252E8002F22F001010268143242E84E
:1065B0000013002BF3D100BF016B01290ED100BFE6
:1065C00000BF02680C3252E8002F22F0100102686E
:1065D0000C3242E80013002BF3D100BF202180F8D9
:1065E00042100021016370472DE9F84F04462068EE
:1065F000006920F44050E16808432168086121697E
:10660000A068084361690843E16908430090206875
:10661000C06849F20C618843009908432168C8604A
:106620002068406920F44070A169084321684861EE
:1066300076492068884203D075492068884203D192
:10664000FBF73AFD814602E0FBF726FD8146E06953
:10665000B0F5004F6CD102206168A0FB01500346E9
:106660001920A9FB007001462A463846F9F70AFEB0
:106670006421B0FBF1F04FEA001A02206168A0FB30
:1066800001510B461920A9FB00712A463846F9F73B
:10669000F9FD834602206168A0FB015003461920E2
:1066A000A9FB00712A463846F9F7ECFD6421B0FBDE
:1066B000F1F000EBC00101EB0010ABEB80003221E8
:1066C00001EBC0006421B0FBF1F000F0F8000AEB30
:1066D000400A02206168A0FB015003461920A9FB73
:1066E000007001462A463846F9F7CCFD8346022061
:1066F0006168A0FB015003461920A9FB00712A46DE
:106700003846F9F7BFFD6421B0FBF1F000EBC001A2
:1067100001EB0010ABEB8000322101EBC0006421E3
:10672000B0FBF1F000F007005044216888606AE097
:1067300004206168A0FB015003461920A9FB0070EA
:1067400001462A463846F9F79DFD824604206168D5
:10675000A0FB015003461920A9FB007001462A4600
:106760003846F9F78FFD6421B0FBF1F000EBC00172
:1067700001EB0010AAEB8000322101EB0010642134
:10678000B0FBF1F000F0F00A04206168A0FB01709A
:1067900003461920A9FB00513A462846F9F772FD35
:1067A0006421B0FBF1F00AEB001A04206168A0FB41
:1067B00001510B461920A9FB00712A463846F9F70A
:1067C00061FD834604206168A0FB01500346192047
:1067D000A9FB007001462A463846F9F753FD6421AB
:1067E000B0FBF1F000EBC00101EB0010ABEB80005F
:1067F000322101EB00106421B0FBF1F000F00F003A
:10680000504421688860BDE8F88F00000010014006
:10681000001401402DE9F84304460D4617469846FA
:10682000089E31E0701C70B3FBF7B8F9A0EB0800CC
:10683000B04200D816B90320BDE8F8832068C068CC
:1068400000F00400F8B1802D1ED0402D1CD020682F
:106850000068C0F3C000B0B100BF00200090206805
:106860000068009020684068009000BF00BF20468C
:10687000FFF784FE0820606400BF002084F8400019
:1068800000BF0120D8E7FFE7206800682840A84241
:1068900001D1012000E00020B842C3D00020CBE7A6
:1068A00000BFFEE71CB500200090019000251BA052
:1068B00000F074F800BF42F2107005F05FFE002493
:1068C00029E0204850F824005DF8241088421BD1AC
:1068D0006D1C21461CA000F061F8022D15D326A0E6
:1068E00000F05CF800BFBFF34F8F2A48006800F447
:1068F000E06029490843001D26490860BFF34F8F17
:1069000000BF00BF00BFFDE700250E4850F824007F
:106910004DF82400641C022CCDDAD2E75B57617479
:106920006368646F675D20E79C8BE997A8E78B97A6
:10693000E79B91E68EA7E4BBBBE58AA1E590AFE5B6
:106940008AA80A009C0100205B5761746368646F29
:10695000675D205461736B20256420737475636BCD
:106960002120286E6F206368616E676520666F72F4
:1069700020313073290A00005B5761746368646FCB
:10698000675D2053797374656D207265736574213A
:106990000A0000000CED00E00000FA050FB4054B02
:1069A00010B503A9044A029800F024F910BC5DF860
:1069B00014FB00009D8E0008980100200FB47CB5E8
:1069C0000C0009AD01D0611E00E00021CDE90001FD
:1069D000064B6A462946089800F00CF9002C02D0B4
:1069E000009A002111707CBC5DF814FBFB7200085A
:1069F0000FB4084B10B504A902AA039800F0FAF8E6
:106A0000044602A9002000F083FC204610BC5DF87B
:106A100014FB00001173000802480068C0F3022054
:106A2000704700000CED00E010B5002804DB0A07F9
:106A3000130E054A135406E00A07140E034A00F029
:106A40000F031B1FD45410BD00E400E018ED00E05C
:106A500002E008C8121F08C1002AFAD17047704727
:106A6000002001E001C1121F002AFBD17047000085
:106A70002DE9FF5F82B00021DDE90430020DDDF871
:106A800040B0034318D044F61050A2F2FF32424304
:106A90001514119801281FD0A5EB0B00401C5FEACC
:106AA000000A4FF000064E4FDFF83891B0465046CE
:106AB00015D5CAF1000413E0119801244AA3012856
:106AC00001D16FEA0B010298119AC0E90031C0E9C7
:106AD000024206B0BDE8F09FCBF10000DFE70446BC
:106AE0000021404A491842EB0450CDE9001012E061
:106AF000E00707D032463B4640464946F9F73DFE9F
:106B00008046894632463B4610461946F9F735FE1F
:106B100006460F466410002CEAD1DDE90401DDE9E8
:106B20000023BAF1000F06DAF9F727FE42464B467A
:106B3000F9F723FE05E0F9F723FC42464B46F9F747
:106B40001FFC04460E460022284BF9F7C5FC03D86B
:106B50004FF0FF30014607E00022254B204631462A
:106B6000F9F764FDF9F77BFE102409E0002C0ADB3D
:106B70000A220023F9F786FB039B30321A55641E64
:106B800050EA0102F2D1641C039AC4F111031444C7
:106B9000119A012A03D0012208430DD10AE00843CB
:106BA00004D000204FF0110B119072E7A3EB0B05FE
:106BB0006D1E0DE05B4504DD4FF0000205F101059F
:106BC00004E003DA4FF00002A5F10105002AECD041
:106BD00002981199C0E90231C0E9004579E7000047
:106BE000000014400000F03F300000000000F043BF
:106BF0000000E03F2DE9FF4F95B09A4688460646D3
:106C00000025EEE1252877D100242746F94A012105
:106C1000039400E0044316F8013F203B01FA03F01F
:106C20001042F7D130782A2811D06FF02F03307836
:106C3000A0F13002092A16D8039A44F0020402EBAC
:106C4000820203EB42021044761C0390EFE758F8EF
:106C5000042B0392002A03DA504244F400540390B8
:106C600044F00204761C30782E2816D116F8010F55
:106C700044F004042A280DD06FF02F023078A0F1E0
:106C80003003092B09D807EB870302EB4303C7182E
:106C9000761CF3E758F8047B761C30786C280FD00C
:106CA00006DC4C2817D068280DD06A2814D104E0DF
:106CB000742810D07A280FD10DE044F400140AE0B3
:106CC00044F4801401E044F440147278824202D10A
:106CD00004F58014761C761C307866280BD013DC03
:106CE000582877D009DC002875D04528F6D04628EA
:106CF000F4D047281AD193E118E0632835D06428EE
:106D000079D0652812D18BE1702873D008DC672810
:106D1000F1D069286FD06E280DD06F2806D1ACE075
:106D200073282CD0752874D0782853D052461799E0
:106D300090476D1C54E1C4F30250022809D0032887
:106D40000DD0D8F8001004280DD00D6008F104080B
:106D500046E1D8F80010EA17C1E90052F6E7D8F882
:106D600000100D80F2E70D70F0E718F8041B8DF8A5
:106D7000001000208DF80100EB46012003E058F8D8
:106D800004BB4FF0FF3061074FF0000102D40DE06B
:106D900009F101018946B9420FDA8145F8DB1BF898
:106DA00009100029F4D108E009F101018946814266
:106DB000FADB1BF809100029F6D103985346A0EB23
:106DC000090721463846179A00F080FA284400EB5C
:106DD000090507E044E008E10DE01BF8010B52460D
:106DE00017999047B9F10109F7D253462146384621
:106DF000179AF2E039E00A21C4F302524FF0000B77
:106E00000091022A06D058F8040BC117032A09D0B2
:106E10000AE023E008F1070020F00702F2E802018F
:106E2000904605E000B2C117042A01D140B2C11753
:106E3000002906DA0A460021404261EB02012D22B8
:106E400002E0220504D52B228DF80420012203E064
:106E5000E20701D02022F7E7914657E00A2100E03F
:106E600010214FF0000B00910BE010214FF0000BB0
:106E700044F004040827009103E008204FF0000BC1
:106E80000090C4F30252022A05D058F8040B0021E6
:106E9000032A08D008E008F1070020F00702F2E812
:106EA0000201904603E080B2042A00D1C0B24FF044
:106EB000000922072AD53278702A07D0DDF800C0F1
:106EC0008CF0100C5CEA0B0C05D00EE040228DF823
:106ED0000420012208E050EA010306D030238DF897
:106EE00004308DF8052002229146009B83F00803B0
:106EF00053EA0B030AD150EA010201D1620705D51A
:106F000030228DF804204FF001097F1E3278582A74
:106F100004D039A20C920CAA02920BE03BA2F9E732
:106F20005B46009AF9F7AEF90C9B9B5C029A521EE5
:106F30000292137050EA0102F2D1029804A9081AD1
:106F400000F1200B600702D524F4803400E0012713
:106F50005F4502DDA7EB0B0000E0002000EB0B011A
:106F6000009003984944401A0390E00306D4534626
:106F70002146179A039800F0A9F90544002706E076
:106F800001A85246C05D179990476D1C7F1C4F4564
:106F9000F6DBE0030CD553462146179A039800F020
:106FA00095F9054404E030205246179990476D1C2E
:106FB0000099481E00900029F5DC08E0029802992B
:106FC00052460078491C0291179990476D1CBBF1FD
:106FD0000001ABF1010BF1DC5BE100F065F9054468
:106FE000761C307800287FF40DAE19B02846BDE835
:106FF000F08F000009280100303132333435363744
:1070000038396162636465660000000030313233F4
:107010003435363738394142434445460000000094
:10702000600700D4062708F1070020F00700F0E809
:107030000223804603F0004C5FEA0C0001D097A0C9
:1070400009E0200501D596A005E0E00701D095A054
:1070500001E0AFF24C001390307823F00043652834
:107060000CD006DC452809D046281DD047287FD102
:107070003BE0662818D067287AD136E00021112F2E
:1070800001DB112000E0781CCDE9000104A90CA867
:10709000FFF7EEFCDDE90D010C9A4FF0000B07F154
:1070A0000109109200914EE04FF000400097CDE9A9
:1070B000011004A90CA8FFF7DBFCDDE90D020C9B15
:1070C0000F994FF0000B91461093009211B9791C63
:1070D00000EB0109B7EB090003D4C0F1FF3B07F156
:1070E0000109A9EB0700019042E0012F00DA012716
:1070F0000021112F01DD112000E03846CDE900010B
:1071000004A90CA8FFF7B4FCDDE90D010C9A00916D
:107110004FF0000BB946109221070FD4009A4A4550
:1071200003DA914601E0A9F10109B9F1010F05DD8A
:10713000109AA9F10101515C3029F4D0B84202DA69
:1071400010F1040F03DA0121CDE9011010E000284D
:1071500003DC8344A9EB000102E0411C494500DD4A
:107160008946A0EB0B00401C01904FF000400290BC
:10717000200705D40198484502DB4FF0FF3001900D
:1071800000208DF84B0002980DF14B07B0F1004F35
:1071900025D002200C902B200D90029800280CDAAC
:1071A000404202902D200D9007E00A210298F9F745
:1071B000ABF93031029007F8011D0C99481E0C9074
:1071C0000029F2DC02980028EFD1791E0D98087092
:1071D000307800F0200040F0450007F8020D11A8BB
:1071E000C01BC01D02901398007800B1012000EB75
:1071F0000901019801EBE071029801440398401ADB
:10720000401E0390E00306D453462146179A039884
:1072100000F05CF805441398007818B152461799AD
:1072200090476D1CE00323D553462146179A0398D7
:1072300000F04CF805441BE0BBF1000F07DB0098A1
:10724000584504DD1098179910F80B0001E01799C4
:1072500030205246904701980BF1010B401E05F17A
:107260000105019004D12E205246179990476D1CBC
:10727000B9F10001A9F10109DEDC05E017F8010B05
:107280005246179990476D1C0299481E029000299A
:10729000F4DC53462146179A03989EE62D00000021
:1072A0002B000000200000002DE9F04104460025DD
:1072B0001E461746880404D405E039462020B0470E
:1072C0006D1C641EF9D52846BDE8F0812DE9F0411A
:1072D000044600251E469046C80301D5302700E02D
:1072E0002027880404D505E041463846B0476D1C88
:1072F000641EF9D52846BDE8F0814A68002A06D008
:107300000A68531C0B6010704868401E4860704744
:107310000A68531C0B601070704700002DE9F041A3
:107320002DED048BADF5347D06460C46002740223A
:1073300018A9304603F00EFB012218A928A801F075
:107340007BF805464DB928A800F060FF322218A945
:1073500028A801F071F8054606E0062218A928A819
:1073600001F06AF80546012755B129462CA0FFF720
:1073700015FB01200DF5347DBDEC048BBDE8F081DB
:1073800017B128A805F0A6FA2D48FEF783FC94ED66
:10739000010A10EE101A0846F9F772F841EC180BC2
:1073A00094ED000A10EE101A0846F9F769F841EC5E
:1073B000190B208906908DED048B8DED029B2048E2
:1073C000407800901E4803781EA2402108A8FFF7CD
:1073D000F5FA08A8F8F7B7FF804607AB424608A9B8
:1073E00028A801F077FA05462DB908A8F8F7ABFFF1
:1073F0000799884208D0294618A0FFF7CFFA28A895
:1074000000F004FF0120B5E728A801F00EFA28A833
:1074100000F0FCFE08A918A0FFF7C0FA0020A9E7B9
:10742000E68993E5BC80E695B0E68DAEE69687E406
:10743000BBB6E5A4B1E8B4A53A2025640D0A000066
:1074400048050020253032643A253032642C252E40
:1074500031662C252E31662C25640A00E58699E5D7
:1074600085A5E695B0E68DAEE5A4B1E8B4A53A20D1
:1074700025640D0A00000000E695B0E68DAEE5B784
:10748000B2E5AD98E582A83A2025730010B501F069
:10749000CFFD10BD70B505460C46164606E02846E1
:1074A0006A1C95B200F008F804F8010B301EA6F132
:1074B00001018EB2F3D170BD70B50446002601F013
:1074C00081FE2112A02202EB4101C8B201F042FE6E
:1074D00001F0C0FE2546E11704EB11610912A4EB8F
:1074E0000121C8B201F036FE01F0B4FE01F06AFEDF
:1074F000A12001F02FFE01F0ADFE002001F0FAFD09
:10750000064601F087FE304670BD70B505460C4654
:10751000164606E02178284600F009F8681C85B276
:10752000641C301EA6F101018EB2F3D170BD70B59E
:1075300004460E4601F046FE2112A02202EB410154
:10754000C8B201F007FE01F085FE2546E11704EB05
:1075500011610912A4EB0121C8B201F0FBFD01F099
:1075600079FE304601F0F6FD01F074FE01F052FEA6
:107570000A20FAF753F970BD10B502460B461AB946
:1075800000201870012010BD00210BE00A2092FBA2
:10759000F0F400FB14205854481C81B20A2092FBDE
:1075A000F0F082B2002AF1D10846ECE710B50446AB
:1075B0000020E070401E2063204603F045FA08B129
:1075C000042010BD04F2322003F094F9A0F52A4102
:1075D000553901D0032010BD94F83400E92805D0B6
:1075E000EB2817D194F83600902813D104F16A00E3
:1075F00003F075F9084920F07F40884201D100204E
:1076000010BD04F1860003F06AF90449884201D1F3
:10761000002010BD022010BD4641540046415433A5
:1076200000E0401C02780AB18A42FAD10078704723
:1076300070B400221446194D05EB0213D3F800C0B4
:10764000BCF1000F0DD00668B4450BD1D3F804C0CF
:107650008668B44506D19B68D0F814C0634504D051
:1076600000E00124521C022AE6D3022A01D091B97B
:1076700008E024B9022902D070BC1220704770BC07
:107680000020704705EB02108089B0F5807F02D0A2
:1076900070BC0020704770BC10207047E0A800202C
:1076A00010B40021064B8C4603EB0112146884428F
:1076B00001D1C2F800C0491C0229F5D310BC7047A3
:1076C000E0A800200368C06A021D480A5989B0FB7F
:1076D000F1F052F8041B21B1884204D21168084429
:1076E000704700207047401A121DF2E7891E826918
:1076F000921E8A4201D800207047C26A408901FB6D
:10770000002070472DE9F04180460F46D8F8005020
:10771000002F08D03946404601F0CEFB022809D29E
:107720000120BDE8F0812E6916B1A869B04208D8E1
:10773000012606E0B0F1FF3FF3D0A9698142F0D8FD
:107740003E463446641CA869A04205D80224022E95
:1077500002D20020BDE8F0812146404601F0ACFB9A
:1077600048B10128F6D0B0F1FF3FF3D0B442E9D1DF
:107770000020BDE8F0814FF0FF322146284603F09B
:10778000E5FE28B927B122463946284603F0DEFE39
:1077900028B1012810D001242046BDE8F0812C61D9
:1077A000A9696869891E884201D8401E68612879E4
:1077B00040F001002871EFE74FF0FF34ECE70000E4
:1077C0002DE9F0478A46DAF8009000F124070B22F1
:1077D0002021384603F0EDF800252E464FF008082A
:1077E00028466D1C19F80040202C16D92F2C0ED0DD
:1077F0005C2C0CD02E2C01D046451BD3B8F10B0FBE
:1078000001D02E2C12D00620BDE8F0876D1C19F88F
:1078100005002F28FAD05C28F8D009EB0500CAF83B
:107820000000A6B33878E52835D036E008264FF0BA
:107830000B08D5E7A4F181007D2816D828466D1CD9
:1078400019F80000A0F140013F2902D340397F29F7
:1078500003D2A8F101018E4202D30620BDE8F087D1
:10786000711CBC554E1C7854BAE721460FA0FFF797
:10787000D7FE10B10620BDE8F087A4F161001928F9
:1078800001D84130C4B23046761C3C54A8E7FFE72B
:107890000620BDE8F08705203870202C01D8042090
:1078A00000E00020F8720020BDE8F087222A2B2C8F
:1078B0003A3B3C3D3E3F5B5D7C7F00002DE9F04361
:1078C000ADF53D7D80460C4616460027B946334847
:1078D000007840B932A0FFF761F8002020700DF564
:1078E0003D7DBDE8F0830CB1402E01DA0020F6E7C3
:1078F0004046F8F728FD0A2802D000202070EEE765
:10790000402221A9404603F025F821A92DA0FFF728
:1079100045F8012221A931A800F08EFD054635B1B8
:1079200029462DA0FFF73AF800202070D7E7002065
:10793000207021E020AB7F22694631A800F088FE4C
:1079400005460DB9209800B917E00020209A0DF8DF
:10795000020020983918701E814203D328A0FFF737
:107960001DF80AE069462046F8F7E1FC2098384403
:1079700087B24FF0010900BFDCE700BF31A800F07B
:1079800045FCB9F1000F02D100202070A7E739466D
:1079900024A0FFF703F80120A1E70000FC0000206D
:1079A000E695B0E68DAEE8AEB0E5BD95E6A8A1E5FA
:1079B0009D97E69CAAE5889DE5A78BE58C960D0A28
:1079C00000000000E69FA5E8AFA2E69687E4BBB6FC
:1079D0003A2025730D0A0000E69687E4BBB6E4B8AA
:1079E0008DE5AD98E59CA8E68896E68993E5BC8090
:1079F000E5A4B1E8B4A53A2025640D0A0000000012
:107A0000E7BC93E586B2E58CBAE4B88DE8B6B3EF8F
:107A1000BC8CE695B0E68DAEE8A2ABE688AAE69609
:107A2000AD0D0A00E69FA5E8AFA2E68890E58A9F23
:107A3000EFBC8CE8AFBBE58F9620256420E5AD97C1
:107A4000E88A820D0A00000010B522A0FEF7A6FF0A
:107A500002F0B6FF20B129A0FEF7A0FF012010BD63
:107A600031A000F0EDFB044624B92FA130A0FEF7B1
:107A700095FF0CE0082C04D12BA134A0FEF78EFF5B
:107A800005E0214637A0FEF789FF0120E7E7FF2048
:107A90003B49087000203B4908709FED3B0A3B487A
:107AA00080ED000A9FED380A80ED010A0020374979
:107AB000088101203649087036A0FEF76FFF0221C9
:107AC0003DA0FEF76BFF002142A0FEF767FF0020FC
:107AD000C5E700003D3D3D20E695B0E68DAEE8AE41
:107AE000B0E5BD95E6A8A1E59D97E5889DE5A78B46
:107AF000E58C96203D3D3D0D0A0000005344E58D88
:107B0000A1E68C82E8BDBDE5A4B1E8B4A5EFBC8CCC
:107B1000E695B0E68DAEE8AEB0E5BD95E4B88DE58E
:107B20008FAFE794A80D0A00303A2F44415441002A
:107B3000E5889BE5BBBAE79BAEE5BD9520257320A4
:107B4000E68890E58A9F0D0A00000000E79BAEE5FD
:107B5000BD9520257320E5B7B2E5AD98E59CA80D4D
:107B60000A000000E5889BE5BBBAE79BAEE5BD9542
:107B7000E5A4B1E8B4A53A2025640D0A0000000090
:107B8000FD000020FE000020000000003C05002059
:107B9000FC000020E695B0E68DAEE8AEB0E5BD9500
:107BA000E6A8A1E59D97E5889DE5A78BE58C96E580
:107BB000AE8CE688900D0A00E5AD98E582A8E997BD
:107BC000B4E99A943A20256420E5B08FE697B60D83
:107BD0000A000000E8A7A6E58F91E58886E9929F54
:107BE0003A2025640D0A000010B586B004461748F7
:107BF000007828B916A0FEF7D1FE002006B010BD0F
:107C00000CB90020FAE71B4894E80E000EC001F002
:107C1000A7FB08B90020F1E71748FEF73BF8164824
:107C2000C07815490979CDE900101348C38813A21B
:107C3000102102A8FEF7C2FE214602A8FFF76EFB44
:107C400008B90120DAE70020D8E70000FC00002096
:107C5000E695B0E68DAEE8AEB0E5BD95E6A8A1E547
:107C60009D97E69CAAE5889DE5A78BE58C960D0A75
:107C7000000000003C050020480500202530346449
:107C80002D253032642D2530326400002DE9F04777
:107C900003460C461546032C01DA0C345B1E6427A0
:107CA00093FBF7FC07FB1C37F9B2642793FBF7F74C
:107CB000FAB204F1010808EB880909EBC8084FF093
:107CC000050998FBF9F8A84488444FEAE17901EBEB
:107CD000997908EBA9084FEAE27902EB997908EB68
:107CE000A9084FF0050919FB02884FF0070998FB16
:107CF000F9FA09FB1A8808F0FF06B71DCC4697FB76
:107D0000FCF80CFB1877F8B2BDE8F087401E02289B
:107D100010D2094901EB00118889B0F5807F00D1AC
:107D2000002008B1401E80B2888108B90020086098
:107D30000020704702207047E0A8002010B50446DC
:107D400000200849096848620648FBF77DFB00BF30
:107D500004480068406AA042FAD30248FBF716FCC8
:107D600010BD0000480400202DE9FC470746884666
:107D7000F8F7BCFFF8F72AFFF8F778FF30B1F8F70B
:107D800075FF054629462CA0FEF708FE002525E0D4
:107D90000026B1461CE00020F8F7FCFE10B129A037
:107DA000FEF7FCFD2820FFF7C9FF7006060E4FF412
:107DB00000712748F9F7E4FE012807D146F00106D3
:107DC000F8F7E8FE10B123A0FEF7E8FD09F101097C
:107DD000B9F1080FDFDB0DF805606D1C052DD7DB51
:107DE0009DF800009DF8011008449DF80210084419
:107DF0009DF803100844C4B29DF80400A04206D0C8
:107E00009DF80420214616A0FEF7C8FD12E09DF85B
:107E1000001019A0FEF7C2FD9DF803209DF8021086
:107E200019A0FEF7BBFD9DF8000038709DF8020018
:107E300088F80000BDE8FC876572726F72322025F9
:107E4000640D0A006572726F7233200D0A00000023
:107E5000001802406572726F7234200D0A00000033
:107E6000E6A0A1E9AA8CE5A4B1E8B4A52025642088
:107E700025640D0A00000000E6B9BFE5BAA63A2065
:107E800025645248202C0000E6B8A9E5BAA63A209D
:107E900025642E2564E284830D0A00002DE9F0415B
:107EA00005460E462F680021284600F0F9F888B9EB
:107EB00000243846E96902F0C7FD58B9296A0A78F2
:107EC000E52A0CD05AB100240121284600F037F8E9
:107ED0000028EED0042800D10720BDE8F081641C02
:107EE000B442F7D0F0E770B504462668002120467A
:107EF00000F0D6F8002821D13046E16902F0A4FD57
:107F00000546D5B9206A017841B1C17A01F03F0137
:107F1000A171C17A11F0080F02D007E004250CE02E
:107F20000B2204F1240102F02FFD30B10021204684
:107F300000F005F80546002DDED0284670BD2DE97D
:107F4000F04705460E462C68686900F12008E8698C
:107F5000002802D0B8F5001F02D30420BDE8F08746
:107F6000C8F30801002973D1401CE861A9694FF0EA
:107F7000000929B16089401E10EA582F09D067E036
:107F80002089B0EB581F63D8C5F81C900420BDE8C9
:107F9000F087284600F090FF0746012F02D8022004
:107FA000BDE8F087B7F1FF3F16D0A069B84249D8C5
:107FB000AEB12846A969FFF7A5FB0746380013D0E4
:107FC000012F14D0B7F1FF3F14D0204603F07EFC00
:107FD00098B10120BDE8F0870120BDE8F087C5F821
:107FE0001C900420BDE8F0870720BDE8F087022040
:107FF000BDE8F0870120BDE8F0874FF40072002152
:1080000004F1340002F0D5FC002639462046FFF783
:108010006DFB20636089002811D94FF0010984F8B5
:108020000390204603F052FC10B10120BDE8F08718
:10803000761C206B401C20636089B042EFD8206B17
:10804000801B2063AF6139462046FFF74FFBE86194
:10805000C5F81480C8F3080020443430286200209A
:10806000BDE8F08770B50446266801212046FFF779
:1080700015FF054695B93046E16902F0E5FC054675
:1080800065B920220021206A02F093FC0B2204F142
:108090002401206A02F084FC0120F070284670BDA3
:1080A0002DE9F04106460C463768B4F5001F02D2B0
:1080B00014F01F0F02D00220BDE8F0817461B56892
:1080C0001DB93878032800D3BD6AA5B178894FEA75
:1080D0004028444520D32946304600F0EDFE0546B1
:1080E000B5F1FF3F11D0022D02D3B869A8420FD8D5
:1080F0000220BDE8F0813889B0EB541F02D802207D
:10810000BDE8F081B86AF0610BE00120BDE8F081C4
:10811000A4EB08044445DED229463846FFF7E6FAC8
:10812000F061B561F06950B100EB5420F061C4F327
:1081300008003844343030620020BDE8F08102206D
:10814000BDE8F08170B504460020084D295D002986
:108150000AD105EB840128194968007A0968884723
:10816000002801D10121295570BD000000A900207F
:10817000054B03EB000C03EB80009CF808C0406843
:10818000036960461847000000A9002030B4DFF8FA
:1081900018C00CEB00040CEB8000247A4068D0F887
:1081A00008C0204630BC604700A9002004490A18D6
:1081B00001EB8000127A40684168104608470000D1
:1081C00000A9002030B4DFF818C00CEB00040CEB61
:1081D0008000247A4068D0F80CC0204630BC60474C
:1081E00000A900200020084900E0401C022804D219
:1081F00001EB00121268002AF7D1022801D00120F9
:108200007047002070470000E0A8002038B5054600
:10821000284600F00AFB044684B96946284604F063
:1082200031FB044654B92869FFF770FD04460CB9C8
:10823000002028600021009803F0AAFF204638BDE6
:108240002DE9F14F8EB0022201A90EA800F06CFCBE
:1082500004460198029020007ED102A80E9900F0F9
:10826000D9FD0446200000D10824042C7BD1002134
:1082700002A8FFF747FA8046019841894902059113
:108280000024B8F1000F00D10724B8F1010F00D18C
:108290000224B8F1FF3F00D1012414B903F016FB0A
:1082A000044600F06BFE83464FF0100A4FF00109C0
:1082B000002C4BD141460198FFF718FA0746019868
:1082C00000F134064FF400720021304602F071FBD9
:1082D0000B222021304602F06CFB2E25357086F8EB
:1082E0000BA0594606F1160003F09BFA42463146B0
:1082F000019803F082FA2022314606F1200002F0B4
:108300004FFB86F82150049A01980178032903D184
:10831000816A914200D1002206F1200103F06DFA3A
:108320000198458995B1019807637F1C80F80390F7
:1083300003F0CCFA0446200008D14FF4007200216B
:10834000304602F036FB6D1E002DECD11CB902A8A0
:10835000FFF788FE044600E005E064B100224146D4
:1083600002A803F00BFA2146019803F011FF0FB0A9
:108370002046BDE8F08F0A9C594604F1160003F030
:1083800050FA42462146019803F037FA84F80BA0D0
:10839000019880F8039003F053FA0446E3E70000E5
:1083A0002DE9F74181B0164602980090684600F02A
:1083B000E7FD0446002C03DA04B00B20BDE8F08191
:1083C0001C4F57F824504FF0000845B12846FFF7DE
:1083D00067F9E86800F097FBB0B185F80080019874
:1083E00040B180F80080E2B200F10C01104600F0CC
:1083F0007DFB68B1019847F8240008B1012E0BD02D
:1084000004B00020BDE8F08104B00220BDE8F08196
:1084100004B00220BDE8F081002201A902A800F00A
:1084200083FB04462146019803F0B2FE04B02046C7
:10843000BDE8F081940100202DE9F7438EB0054698
:10844000002D0CD002F03F06324601A90FA800F023
:108450006BFB04464FF000082CB100F0ECB811B0F3
:108460000920BDE8F0830198029002A80F9900F05E
:10847000D1FC0446200010D19DF8370010F0800F89
:1084800001D0062409E036F0010001D0012100E00E
:10849000002102A8FFF7CCF8044616F01C0F53D0B9
:1084A0006CB1042C08D1FFF79DFE20B102A8FFF7A4
:1084B000D9FD044600E0122446F008060AE09DF8C3
:1084C0000E0010F0110F01D0072403E016F0040F86
:1084D00000D00824002C46D116F0080F43D000F03D
:1084E0004DFD07460A9839460E3003F09AF90A986E
:1084F0003946163003F095F90A992020C8720A9976
:10850000019802F0D9F9074600220A99019803F070
:1085100074F90A9800211C3003F083F901980121B5
:10852000C17007B3D0F830900022394602A803F09A
:1085300025F90446BCB94946019802F085FA04467B
:108540000199781E08610EE06CB99DF80E0010F0DC
:10855000100F01D0042406E016F0020F03D010F033
:10856000010F00D00724ACB916F0080F01D046F077
:1085700040060198006B68620A98A86236F0010014
:1085800001D0012100E0002102A800F09FFE286137
:1085900000B90224F4BB0A99019802F08DF9A86091
:1085A0000A981C3002F09BF9E860C5F82C8001980D
:1085B00028600198C088A8802E7585F81580C5F8B8
:1085C0002080C5F818804FF40072002105F13000BA
:1085D00002F0EFF916F0200F2DD0EE68D6B1AE61A3
:1085E000019840894702A9680BE0284600F064FC26
:1085F0000146012900D80224B1F1FF3F00D1012436
:10860000F61B0CB9BE42F0D8E9611CB9F005C00DEB
:1086100011D000E00FE00198FFF768F8B0B100EB6F
:1086200056222A620198012305F130014078FFF7B4
:10863000ADFD00B101240CB1C5F8008021460198C0
:1086400003F0A6FD11B02046BDE8F0830224F2E756
:108650002DE9F84F04468846164699460020C9F889
:1086600000006946204604F00DF905460DB9657D08
:1086700035B12946009803F08BFD2846BDE8F88FF8
:10868000207D10F0010F0ED0A169E068401A8642EB
:1086900000D90646002E74D04FF0010AA169C80522
:1086A000C00D07D09EE00721009803F071FD072060
:1086B000BDE8F88F00984089401E00EA5127DFB9D5
:1086C00029B1E06A28B12046FEF7FCFF05E0A0686A
:1086D00003E02046E16900F0EFFB022808D2022007
:1086E00060750221009803F053FD0220BDE8F88F69
:1086F000B0F1FF3F1FD0E061E1690098FEF7F6FF9F
:1087000010B300EB070B750AD5B300987A194189AD
:108710008A4200D9CD1B40782B465A464146FFF786
:1087200035FDD0B184F815A00121009803F030FD8B
:108730000120BDE8F88F84F815A00121009803F00E
:1087400027FD0120BDE8F88F022060750221009806
:1087500003F01EFD0220BDE8F88F207D10F0800F91
:108760000CD0206AA0EB0B00A84207D208EB4020F7
:108770004FF4007204F1300102F012F96D0240E092
:1087800000E04BE0226A5A452AD0207D10F0800F8D
:1087900014D00098012304F130014078FFF712FD56
:1087A00040B184F815A00121009803F0F1FC0120EC
:1087B000BDE8F88F207D00F07F0020750098012330
:1087C0005A46407804F13001FFF7E0FC40B184F8EC
:1087D00015A00121009803F0DBFC0120BDE8F88F13
:1087E000C4F820B0208BC0F30800C0F50075B54276
:1087F00000D93546204400F130012A46404602F0B7
:10880000CFF8A844A0692844A061D9F80000284402
:10881000C9F80000761B002E7FF440AF00210098BD
:1088200003F0B6FC0020BDE8F88FF8B504466946B1
:10883000204604F027F80546002D45D1207D10F094
:10884000400F41D010F0800F12D00098226A01230F
:10885000407804F13001FFF7B5FC28B10121009800
:1088600003F096FC0120F8BD207D00F07F0020750C
:1088700000F084FB0646616A009802F0E5F80546C0
:1088800015BBA56AE87A40F02000E8722946A26884
:10889000206802F0B2FF05F11C00E16802F0C1FFA0
:1088A000314605F1160002F0BCFF002105F112006F
:1088B00002F0C1FF00980121C17002F0C1FF05461E
:1088C000207D00F0BF0020752946009803F060FC71
:1088D0002846F8BD2DE9F84F04460F46164698463F
:1088E0000020C8F800006946204603F0CBFF05468B
:1088F0000DB9657D35B12946009803F049FC28463D
:10890000BDE8F88F207D10F0020F0DD0A06981190D
:1089100000D3C643002E00F0DE804FF00109A169AC
:10892000C805C00D07D0B2E00721009803F030FC65
:108930000720BDE8F88F00984089401E00EA512AC0
:10894000BAF1000F2FD129B1E06A50B12046FEF7ED
:10895000B9FE0AE0A06840B900212046FEF7D2FE29
:1089600003E02046E169FEF7CDFE002873D0012820
:1089700006D0B0F1FF3F0CD0E061A16891B112E0E8
:10898000022060750221009803F002FC0220BDE87D
:10899000F88F84F815900121009803F0F9FB01206D
:1089A000BDE8F88FA060207D10F0800F15D00098F2
:1089B000226A0123407804F13001FFF703FC40B143
:1089C00084F815900121009803F0E2FB0120BDE836
:1089D000F88F207D00F07F002075E1690098FEF798
:1089E00085FED8B100EB0A0B750A9DB300980AEB1F
:1089F000050241898A4201D9A1EB0A0540782B463C
:108A00005A463946FFF7DEFB88B184F815900121FC
:108A1000009803F0BDFB0120BDE8F88F02206075CF
:108A20000221009803F0B4FB0220BDE8F88F206A11
:108A3000A0EB0B00A8420BD207EB40214FF40072D1
:108A400004F1300001F0ACFF207D00F07F002075C4
:108A50006D022EE000E03EE0206A584515D0E16846
:108A6000A069884211D2009801235A46407804F147
:108A70003001FFF78BFB40B184F81590012100987D
:108A800003F086FB0120BDE8F88FC4F820B0208BEE
:108A9000C0F30800C0F50075B54200D93546204442
:108AA00030302A46394601F07BFF207D40F08000BF
:108AB00020752F44A0692844A061E168884200D84D
:108AC0000846E060D8F800002844C8F80000761B8B
:108AD000002E7FF424AF207D40F04000207500215F
:108AE000009803F055FB0020BDE8F88F38B50C4620
:108AF000002000900121684602F068F820600028FC
:108B000000D0012038BD10B502F074F8012010BD6E
:108B100002F07CB810B500244FF47A7102F09EF890
:108B200000B90124204610BD2DE9F04184B00E4665
:108B300090460027376000F023FA0546002D03DA3F
:108B400004B00B20BDE8F081AE4850F82540D4B108
:108B5000204601F0D4FED0B1346008F0FE06207843
:108B600028B16078FFF722FB10F0010F13D02770B7
:108B7000E8B26070FFF7E6FA10F0010F17D004B00A
:108B80000320BDE8F08104B00C20BDE8F08104B002
:108B90000F20BDE8F08136B110F0040F03D004B00F
:108BA0000A20BDE8F08104B00020BDE8F08136B1B4
:108BB00010F0040F03D004B00A20BDE8F0810025B6
:108BC00029462046FEF7F2FC02281FD1E84604EBB6
:108BD000051000F5F970017919B1083001F07FFE38
:108BE00000E0002048F825006D1C042DEFD300267E
:108BF00058F8265025B129462046FEF7D7FC00E05C
:108C00000320022802D3761C042EF1D3042805D0B9
:108C1000022807D304B00D20BDE8F08104B0012084
:108C2000BDE8F08104F13F0001F064FEB0F5007F83
:108C300003D004B00D20BDE8F08104F14A0001F03A
:108C400059FE014621B904F1580001F048FE0146E1
:108C5000E16194F84400A070012805D0022803D0F7
:108C600004B00D20BDE8F08100FB01F894F841004C
:108C7000608110B1411E084203D004B00D20BDE850
:108C8000F08104F1450001F035FE208110F00F0F56
:108C900003D004B00D20BDE8F08104F1470001F0DD
:108CA00029FE0646300004D104F1540001F017FEFD
:108CB000064604F1420001F01DFE024652B123892E
:108CC00002EB080000EB13118E4207D204B00D2016
:108CD000BDE8F08104B00D20BDE8F081B4F80AC011
:108CE000701AB0FBFCF048B303264FF6F57C6045E4
:108CF00000D8022640F6F57C604500D80126801C8D
:108D0000A06125622A4462622944E162032E19D0DF
:108D10007BB302EB0801A162022E2FD000F001010B
:108D200000EB400001EB5000E16900F2FF10B1EBF5
:108D3000502F25D204B00D20BDE8F08104B00D20E5
:108D4000BDE8F08104F15E0001F0D4FD18B104B07B
:108D50000D20BDE8F081208918B104B00D20BDE8D8
:108D6000F08104F1600001F0BAFDA062A06980000A
:108D7000DAE7FFE704B00D20BDE8F0814000D3E75B
:108D80004FF0FF306061206180202071032E2BD1D5
:108D900004F1640001F0AEFD012825D1691C2046D4
:108DA00001F052FE00BB277104F2322001F0A2FD57
:108DB000A0F52A41553917D104F1340001F08FFD97
:108DC0001149884210D104F5067001F088FD0F4961
:108DD000884209D104F5077001F081FD606104F556
:108DE000087001F07CFD2061267009490888401C4C
:108DF0000880E0802046FEF753FC04B00020BDE868
:108E0000F081000094010020525261417272416170
:108E10009001002073B50446256801E0401C0190D4
:108E2000019801782F29F9D05C29F7D00021A160A1
:108E300001980078202807D2802084F82F0020464F
:108E4000FFF72EF902B070BD01A92046FEF7B8FC6D
:108E50000028F7D12046FFF746F894F82F1038B1D4
:108E60000428EFD111F0040FECD1052002B070BD41
:108E700011F0040FFAD1A07910F0100F0AD0A08AD7
:108E8000C0F30800284400F13401284601F014FD25
:108E9000A060D9E7052002B070BD000013B50C46F4
:108EA0004FF6FF73012269460248FAF7D1FE009897
:108EB0001CBD0000D80400202DE9F0410D460468D7
:108EC000022D02D3A069A84201D801260AE04FF082
:108ED000FF362078012808D0F70D02282DD003286E
:108EE0003BD001263046BDE8F08105EB5507606AAE
:108EF00000EB5721204601F0A7FD0028F2D1C7F36F
:108F00000800204407F1010890F83470606A00EB13
:108F10005821204601F098FD0028E3D1C8F308004D
:108F2000204490F8340047EA002015F0010F01D0EA
:108F30000609D7E7C0F30B06D4E7606A00EB1521FA
:108F4000204601F081FD0028CCD107EA45002044ED
:108F5000343001F0CFFC0646C4E7606A00EBD5115F
:108F6000204601F071FD0028BCD107EA85002044AD
:108F7000343001F0B4FC20F07046B3E700207047B5
:108F800010B404464FF0FF30D4F800C0BCF1000F1D
:108F90000BD0614600E0491C0A78212A01D33A2A05
:108FA000F9D10A783A2A02D0002010BC70479CF808
:108FB00000300CF10102303B0A2BF6D28A42F4D188
:108FC000002BF2D11846491C216010BC70470000EC
:108FD00010B500BF00224FF400711148F8F7D8FD1A
:108FE00000BF00F01FF800BF012211020C48F8F783
:108FF000CFFD00BF00F016F800BF00224FF48071D3
:109000000748F8F7C5FD00BF00F00CF800BF0122CB
:1090100051020348F8F7BCFD00BF00F003F810BD93
:109020000004024010B50220FEF788FE10BD0000CB
:1090300000B587B000BF00BF002001901B4800684A
:1090400040F00200194908600846006800F002007C
:10905000019000BF00BF00BF00BF00BF0020019013
:109060000846006840F0020008600846006800F00A
:109070000200019000BF00BF00BF881502900120D0
:10908000039004900320059002A90948F8F77EFC9C
:109090004FF4007002901120039002A90448F8F7E1
:1090A00075FC00F0B7F807B000BD00003038024092
:1090B0000004024010B500BF012251020C48F8F72D
:1090C00067FD00BFFFF7AEFF00BF01221102084895
:1090D000F8F75EFD00BFFFF7A5FF00BF00224FF4C9
:1090E00080710348F8F754FD00BFFFF79BFF10BDE8
:1090F0000004024070B50546002400261EE060060C
:10910000040E00BF012211021148F8F741FD00BF13
:10911000FFF788FF4FF400710D48F8F731FD08B1F3
:10912000601CC4B200BF00224FF480710848F8F7F9
:109130002FFD00BFFFF776FF701CC6B2082EDEDBE6
:1091400015B9FFF7B7FF01E0FFF742FF204670BDFA
:109150000004024070B50446002526E000BFE00987
:1091600028B1012251021648F8F712FD05E000224D
:109170004FF400711248F8F70BFD00BFFFF752FFE4
:1091800000BF012211020E48F8F702FD00BFFFF7F1
:1091900049FF00BF00224FF480710948F8F7F8FC3E
:1091A00000BF6006040E681CC5B2082DD6DB00BFE8
:1091B000012251020248F8F7EBFC00BF70BD00002D
:1091C0000004024010B500BF012251021048F8F718
:1091D000DFFC00BF00BF012211020D48F8F7D8FCE8
:1091E00000BFFFF71FFF00BF00224FF400710848C7
:1091F000F8F7CEFC00BFFFF715FF00BF00224FF4C9
:1092000080710348F8F7C4FC00BFFFF70BFF10BDE7
:109210000004024010B500BF00224FF400710C485A
:10922000F8F7B6FC00BFFFF7FDFE00BF01221102F8
:109230000748F8F7ADFC00BFFFF7F4FE00BF0122BE
:1092400051020348F8F7A4FC00BFFFF7EBFE10BD86
:109250000004024070B50024002500BF0122510225
:109260001548F8F795FC00BFFFF7DCFE00BF0122B0
:1092700011021148F8F78CFC00BFFFF7D3FE07E09E
:10928000601CC4B2FA2C03DDFFF7C4FF012506E021
:109290004FF400710848F8F773FC0028F0D100BFC4
:1092A00000BF00224FF480710348F8F771FC00BF43
:1092B000FFF7B8FE284670BD00040240EFF30580BA
:1092C000002801D0012070470020704770B40022B0
:1092D000224CD0F800C004EB02131D68654507D18D
:1092E0005D688668B54203D19B684569AB4202D090
:1092F000521C022AEFD3022A17D1002200E0521C8E
:10930000022A04D204EB02131B68002BF7D1022AB5
:1093100013D004EB0213C3F800C0D0F808C0C3F8A0
:1093200004C0406998600020988149B104EB0210A4
:10933000808928B170BC0020704770BC0020704745
:1093400011B14FF4807003E004EB02108089401CDF
:1093500004EB0211888170BC501C7047E0A800200B
:1093600038B52248FCF796FC2048047845780DB1C2
:10937000002038BD204604EBD0714910A4EB410118
:1093800009B10020F5E71A480078C8B19DF803003C
:1093900000F5FA6017490988884211D19DF801004B
:1093A0001549097888420BD19DF8020013490978C4
:1093B000884205D112480078A04201D10020D8E7A8
:1093C0009DF8030000F5FA600A4908809DF8010045
:1093D000094908709DF8020008490870084804709F
:1093E00001200349087000BFC3E7000048050020C2
:1093F000FE0000200201002000010020FF000020EC
:10940000FD00002010B56420F8F708FA00F0A0F87D
:1094100000F016F80122D1030348F8F7B9FB03A0C6
:10942000FDF7BCFA10BD0000000402406C6364202C
:10943000696E697420737563636573730D0A000048
:1094400000B54FF4A070074908804FF4F0704880D1
:109450002A2008812B2048812C20C880002000F081
:10946000F1FF00BD30050020F8B504460D46164654
:109470001F463EB109480088A04203DB07484088E8
:10948000A84200DAF8BDA019401E82B22B46294638
:1094900020460097FAF75EFC00BFF3E73005002096
:1094A0002DE9F05F0746884616469A4640F2C320EB
:1094B00070434FF47A71B0FBF1F000F1010906FB43
:1094C00006F000EB560B344671040A0CB91B88B247
:1094D00053464146FFF7C8FF012535E005FB05F07F
:1094E00004FB040058451AD94C4517D96B1E5B0480
:1094F0001A0C08EB040399B27B1B5B1C98B2534611
:10950000FFF7B2FF6B1E5B041A0CA8EB040399B2C1
:109510007B1B5B1C98B25346FFF7A6FF641E6304D7
:109520001A0C08EB050399B23B1B98B25346FFF7A0
:109530009BFF63041A0CA8EB050399B23B1B98B27E
:109540005346FFF791FF6D1C4D45C7D9BDE8F09F0D
:1095500010B5ED2001F0AAF9012001F097F9FE20E5
:1095600001F094F9EE2001F0A1F9DE2001F08EF96E
:10957000212001F08BF9F12001F098F9012001F090
:1095800085F9DF2001F092F9102001F07FF9C42065
:1095900001F08CF98F2001F079F9C62001F086F9ED
:1095A000002001F073F9E22001F070F9E22001F0EF
:1095B0006DF9E22001F06AF9BF2001F077F9AA20E5
:1095C00001F064F9B02001F071F90D2001F05EF9AD
:1095D000002001F05BF90D2001F058F9002001F0A6
:1095E00055F9112001F052F9002001F04FF919202E
:1095F00001F04CF9002001F049F9212001F046F971
:10960000002001F043F92D2001F040F9002001F085
:109610003DF93D2001F03AF9002001F037F95D20D5
:1096200001F034F9002001F031F95D2001F02EF94C
:10963000002001F02BF9B12001F038F9802001F071
:1096400025F9002001F022F98B2001F01FF90020FC
:1096500001F01CF9962001F019F9002001F016F92B
:10966000B22001F023F9002001F010F9002001F0F0
:109670000DF9022001F00AF9002001F007F903209A
:1096800001F004F9002001F001F9B32001F00EF916
:10969000002001F0FBF8002001F0F8F8002001F0B4
:1096A000F5F8002001F0F2F8002001F0EFF80020BA
:1096B00001F0ECF8002001F0E9F8002001F0E6F8F4
:1096C000002001F0E3F8002001F0E0F8002001F0B4
:1096D000DDF8002001F0DAF8002001F0D7F80020D2
:1096E00001F0D4F8002001F0D1F8002001F0CEF80C
:1096F000002001F0CBF8002001F0C8F8002001F0B4
:10970000C5F8002001F0C2F8002001F0BFF80020E9
:1097100001F0BCF8002001F0B9F8002001F0B6F823
:10972000B42001F0C3F88B2001F0B0F8002001F064
:10973000ADF8962001F0AAF8002001F0A7F8A120CA
:1097400001F0A4F8002001F0A1F8B52001F0AEF876
:10975000022001F09BF8002001F098F8032001F0AE
:1097600095F8002001F092F8042001F08FF8002015
:1097700001F08CF8B62001F099F8002001F086F88D
:10978000002001F083F8B72001F090F8002001F0EC
:109790007DF8002001F07AF83F2001F077F80020F2
:1097A00001F074F85E2001F071F8002001F06EF80D
:1097B000642001F06BF8002001F068F88C2001F0C3
:1097C00065F8002001F062F8AC2001F05FF800209D
:1097D00001F05CF8DC2001F059F8002001F056F8A7
:1097E000702001F053F8002001F050F8902001F0B3
:1097F0004DF8002001F04AF8EB2001F047F8002076
:1098000001F044F8DC2001F041F8002001F03EF8BE
:10981000B82001F04BF8002001F038F8002001F0EA
:1098200035F8002001F032F8002001F02FF8002078
:1098300001F02CF8002001F029F8002001F026F8B2
:10984000002001F023F8BA2001F030F8242001F0C4
:109850001DF8002001F01AF8002001F017F8002090
:1098600001F014F8C12001F021F8202001F00EF8D9
:10987000002001F00BF8542001F008F8002001F05E
:1098800005F8FF2001F002F8002000F0FFFFC220E1
:1098900001F00CF80A2000F0F9FF002000F0F6FFBC
:1098A000042000F0F3FF002000F0F0FFC32000F0E0
:1098B000FDFF3C2000F0EAFF002000F0E7FF3A2027
:1098C00000F0E4FF002000F0E1FF392000F0DEFFAF
:1098D000002000F0DBFF372000F0D8FF002000F070
:1098E000D5FF3C2000F0D2FF002000F0CFFF362053
:1098F00000F0CCFF002000F0C9FF322000F0C6FFCE
:10990000002000F0C3FF2F2000F0C0FF002000F077
:10991000BDFF2C2000F0BAFF002000F0B7FF292087
:1099200000F0B4FF002000F0B1FF262000F0AEFFF1
:10993000002000F0ABFF242000F0A8FF002000F082
:10994000A5FF242000F0A2FF002000F09FFF2320AD
:1099500000F09CFF002000F099FF3C2000F096FFF3
:10996000002000F093FF362000F090FF002000F070
:109970008DFF322000F08AFF002000F087FF2F20AB
:1099800000F084FF002000F081FF2C2000F07EFF1B
:10999000002000F07BFF292000F078FF002000F07D
:1099A00075FF262000F072FF002000F06FFF2420DA
:1099B00000F06CFF002000F069FF242000F066FF3B
:1099C000002000F063FF232000F060FF002000F083
:1099D0005DFFC42000F06AFF622000F057FF002006
:1099E00000F054FF052000F051FF002000F04EFF72
:1099F000842000F04BFF002000F048FFF02000F032
:109A000045FF002000F042FF182000F03FFF00203B
:109A100000F03CFFA42000F039FF002000F036FFEA
:109A2000182000F033FF002000F030FF502000F03D
:109A30002DFF002000F02AFF0C2000F027FF00205F
:109A400000F024FF172000F021FF002000F01EFF8F
:109A5000952000F01BFF002000F018FFF32000F01D
:109A600015FF002000F012FFE62000F00FFF00209D
:109A700000F00CFFC52000F019FF322000F006FFB7
:109A8000002000F003FF442000F000FF002000F061
:109A9000FDFE652000F0FAFE002000F0F7FE7620C3
:109AA00000F0F4FE002000F0F1FE882000F0EEFE51
:109AB000002000F0EBFEC62000F0F8FE202000F0B1
:109AC000E5FE002000F0E2FE172000F0DFFE00209F
:109AD00000F0DCFE012000F0D9FE002000F0D6FEF0
:109AE000C72000F0E3FE002000F0D0FE002000F0D0
:109AF000CDFE002000F0CAFE002000F0C7FEC82006
:109B000000F0D4FE002000F0C1FE002000F0BEFEF8
:109B1000002000F0BBFE002000F0B8FEC92000F0DD
:109B2000C5FE002000F0B2FE002000F0AFFE0020D5
:109B300000F0ACFE002000F0A9FE002000F0A6FE20
:109B4000002000F0A3FE002000F0A0FE002000F0A6
:109B50009DFE002000F09AFE002000F097FE0020FD
:109B600000F094FE002000F091FE002000F08EFE38
:109B7000002000F08BFE002000F088FE002000F0A6
:109B800085FEE02000F092FE162000F07FFE00200F
:109B900000F07CFE1C2000F079FE002000F076FE34
:109BA000212000F073FE002000F070FE362000F04F
:109BB0006DFE002000F06AFE462000F067FE0020E7
:109BC00000F064FE522000F061FE002000F05EFE16
:109BD000642000F05BFE002000F058FE7A2000F0C8
:109BE00055FE002000F052FE8B2000F04FFE0020BA
:109BF00000F04CFE992000F049FE002000F046FEE7
:109C0000A82000F043FE002000F040FEB92000F044
:109C10003DFE002000F03AFEC42000F037FE002098
:109C200000F034FECA2000F031FE002000F02EFECD
:109C3000D22000F02BFE002000F028FED92000F0FA
:109C400025FE002000F022FEE02000F01FFE002094
:109C500000F01CFEF32000F019FE002000F016FEBC
:109C6000E12000F023FE162000F010FE002000F09E
:109C70000DFE1C2000F00AFE002000F007FE22204E
:109C800000F004FE002000F001FE362000F0FEFD92
:109C9000002000F0FBFD452000F0F8FD002000F062
:109CA000F5FD522000F0F2FD002000F0EFFD6420F1
:109CB00000F0ECFD002000F0E9FD7A2000F0E6FD68
:109CC000002000F0E3FD8B2000F0E0FD002000F01C
:109CD000DDFD992000F0DAFD002000F0D7FDA8207E
:109CE00000F0D4FD002000F0D1FDB92000F0CEFD41
:109CF000002000F0CBFDC42000F0C8FD002000F0E3
:109D0000C5FDCA2000F0C2FD002000F0BFFDD2203A
:109D100000F0BCFD002000F0B9FDD82000F0B6FD39
:109D2000002000F0B3FDE02000F0B0FD002000F0C6
:109D3000ADFDF32000F0AAFD002000F0A7FDE22019
:109D400000F0B4FD052000F0A1FD002000F09EFD14
:109D50000B2000F09BFD002000F098FD1B2000F080
:109D600095FD002000F092FD342000F08FFD0020D2
:109D700000F08CFD442000F089FD002000F086FDFD
:109D80004F2000F083FD002000F080FD612000F0F6
:109D90007DFD002000F07AFD792000F077FD0020A5
:109DA00000F074FD882000F071FD002000F06EFDD1
:109DB000972000F06BFD002000F068FDA62000F069
:109DC00065FD002000F062FDB72000F05FFD00207F
:109DD00000F05CFDC22000F059FD002000F056FDAF
:109DE000C72000F053FD002000F050FDD12000F00E
:109DF0004DFD002000F04AFDD62000F047FD002078
:109E000000F044FDDD2000F041FD002000F03EFDAB
:109E1000F32000F03BFD002000F038FDE32000F0CF
:109E200045FD052000F032FD002000F02FFD0A2046
:109E300000F02CFD002000F029FD1C2000F026FD84
:109E4000002000F023FD332000F020FD002000F072
:109E50001DFD442000F01AFD002000F017FD5020E9
:109E600000F014FD002000F011FD622000F00EFD56
:109E7000002000F00BFD782000F008FD002000F02D
:109E800005FD882000F002FD002000F0FFFC972077
:109E900000F0FCFC002000F0F9FCA62000F0F6FC2D
:109EA000002000F0F3FCB72000F0F0FC002000F0F0
:109EB000EDFCC22000F0EAFC002000F0E7FCC72027
:109EC00000F0E4FC002000F0E1FCD12000F0DEFC1A
:109ED000002000F0DBFCD52000F0D8FC002000F0D2
:109EE000D5FCDD2000F0D2FC002000F0CFFCF320F8
:109EF00000F0CCFC002000F0C9FCE42000F0D6FC0F
:109F0000012000F0C3FC002000F0C0FC012000F0A4
:109F1000BDFC002000F0BAFC022000F0B7FC0020DD
:109F200000F0B4FC2A2000F0B1FC002000F0AEFCF0
:109F30003C2000F0ABFC002000F0A8FC4B2000F01F
:109F4000A5FC002000F0A2FC5D2000F09FFC00209A
:109F500000F09CFC742000F099FC002000F096FCBE
:109F6000842000F093FC002000F090FC932000F08F
:109F70008DFC002000F08AFCA22000F087FC00206D
:109F800000F084FCB32000F081FC002000F07EFC97
:109F9000BE2000F07BFC002000F078FCC42000F024
:109FA00075FC002000F072FCCD2000F06FFC00205A
:109FB00000F06CFCD32000F069FC002000F066FC8F
:109FC000DD2000F063FC002000F060FCF32000F0D6
:109FD0005DFC002000F05AFCE52000F067FC00204A
:109FE00000F054FC002000F051FC002000F04EFC7A
:109FF000002000F04BFC022000F048FC002000F0A4
:10A0000045FC292000F042FC002000F03FFC3C20F1
:10A0100000F03CFC002000F039FC4B2000F036FC46
:10A02000002000F033FC5D2000F030FC002000F048
:10A030002DFC742000F02AFC002000F027FC842076
:10A0400000F024FC002000F021FC932000F01EFC16
:10A05000002000F01BFCA22000F018FC002000F003
:10A0600015FCB32000F012FC002000F00FFCBE2015
:10A0700000F00CFC002000F009FCC42000F006FCFD
:10A08000002000F003FCCD2000F000FC002000F0D8
:10A09000FDFBD32000F0FAFB002000F0F7FBDC20F2
:10A0A00000F0F4FB002000F0F1FBF32000F0EEFBE9
:10A0B000002000F0EBFBE62000F0F8FB112000F0A0
:10A0C000E5FB002000F0E2FB342000F0DFFB002085
:10A0D00000F0DCFB562000F0D9FB002000F0D6FB9E
:10A0E000762000F0D3FB002000F0D0FB772000F0BA
:10A0F000CDFB002000F0CAFB662000F0C7FB00206B
:10A1000000F0C4FB882000F0C1FB002000F0BEFB83
:10A11000992000F0BBFB002000F0B8FBBB2000F052
:10A12000B5FB002000F0B2FB992000F0AFFB00204F
:10A1300000F0ACFB662000F0A9FB002000F0A6FBBD
:10A14000552000F0A3FB002000F0A0FB552000F0FC
:10A150009DFB002000F09AFB452000F097FB0020BB
:10A1600000F094FB432000F091FB002000F08EFBF8
:10A17000442000F08BFB002000F088FBE72000F07B
:10A1800095FB322000F082FB002000F07FFB552081
:10A1900000F07CFB002000F079FB762000F076FBDD
:10A1A000002000F073FB662000F070FB002000F040
:10A1B0006DFB672000F06AFB002000F067FB672062
:10A1C00000F064FB002000F061FB872000F05EFBE4
:10A1D000002000F05BFB992000F058FB002000F00D
:10A1E00055FBBB2000F052FB002000F04FFB9920F4
:10A1F00000F04CFB002000F049FB772000F046FB0C
:10A20000002000F043FB442000F040FB002000F061
:10A210003DFB562000F03AFB002000F037FB2320E6
:10A2200000F034FB002000F031FB332000F02EFB67
:10A23000002000F02BFB452000F028FB002000F060
:10A2400025FBE82000F032FB002000F01FFB00207F
:10A2500000F01CFB992000F019FB002000F016FB19
:10A26000872000F013FB002000F010FB882000F096
:10A270000DFB002000F00AFB772000F007FB002018
:10A2800000F004FB662000F001FB002000F0FEFA65
:10A29000882000F0FBFA002000F0F8FAAA2000F075
:10A2A000F5FA002000F0F2FABB2000F0EFFA0020EF
:10A2B00000F0ECFA992000F0E9FA002000F0E6FA4C
:10A2C000662000F0E3FA002000F0E0FA552000F0EC
:10A2D000DDFA002000F0DAFA552000F0D7FA00206D
:10A2E00000F0D4FA442000F0D1FA002000F0CEFAB9
:10A2F000442000F0CBFA002000F0C8FA552000F00E
:10A30000C5FA002000F0C2FAE92000F0CFFAAA2036
:10A3100000F0BCFA002000F0B9FA002000F0B6FA14
:10A32000002000F0B3FA002000F0C0FAAA2000F0EC
:10A33000ADFACF2000F0BAFA002000F0A7FA002012
:10A3400000F0A4FA002000F0A1FA002000F09EFA2C
:10A35000002000F09BFA002000F098FA002000F0A6
:10A3600095FA002000F092FA002000F08FFA002009
:10A3700000F08CFA002000F089FA002000F086FA44
:10A38000002000F083FA002000F080FA002000F0A6
:10A390007DFA002000F07AFA002000F077FAF02031
:10A3A00000F084FA002000F071FA502000F06EFAFC
:10A3B000002000F06BFA002000F068FA002000F0A6
:10A3C00065FAF32000F072FA002000F05FFAF9203D
:10A3D00000F06CFA062000F059FA102000F056FA4E
:10A3E000292000F053FA002000F050FA3A2000F043
:10A3F0005DFA552000F04AFA112000F057FA642067
:10A40000F7F70CFA292000F051FA352000F04EFA47
:10A41000002000F03BFA512000F048FAFF2000F045
:10A4200035FA532000F042FA2C2000F02FFA552084
:10A4300000F03CFA822000F029FA2C2000F036FAD5
:10A4400010BD000030B505460023362419462046CD
:10A4500000F022FA1749088900F028FA002000F0DD
:10A4600015FA002000F012FA12490988491EC1F3BA
:10A470000F2000F00BFA0F490978491EC8B200F00E
:10A4800005FA0C49488900F011FA002000F0FEF9A5
:10A49000002000F0FBF907494988491EC1F30F204D
:10A4A00000F0F4F903498978491EC8B200F0EEF9CA
:10A4B00030BD0000300500202DE9F04F87B0824606
:10A4C000884615461C46CDF81480CDF810A0002013
:10A4D00003902046E31704EB5373DB102146E71784
:10A4E00004EB5777FF10A4EBC7070FB1012700E07B
:10A4F00000273B44224604EBD2777F107B43DBB23C
:10A50000029361480088504503DB5F48408840451E
:10A5100002DA07B0BDE8F08F402C46D1A5F130003B
:10A52000C0B201903A2D01D10A20019057490198FB
:10A5300001EB00200390F9F785FD4FF0000930E0B2
:10A54000002728E007EB89010398405C069000266D
:10A550001DE0802030410699084058B1059A02EB71
:10A56000C702324491B2049A4A4490B2109AF9F761
:10A5700048FC0AE0059A02EBC702324491B2049A01
:10A580004A4490B2119AF9F73CFC701CC6B2082EEE
:10A59000DFDB781CC7B2042FD4DB09F101001FFAFE
:10A5A00080F9B9F1400FCBDB6BE0202D01DB7E2D74
:10A5B00000DDAEE7A5F12000C5B20C2C06D0102CB2
:10A5C0000BD0182C0ED0202C18D112E005EB450032
:10A5D0002F4901EB8000039011E02E4800EB05109D
:10A5E00003900CE005EBC5002B4901EB80000390C4
:10A5F00005E02A4800EB8510039000E089E700BFE2
:10A60000F9F720FD4FF0000B38E0039810F80B002D
:10A61000069000262BE0802030410699084028B1A2
:10A6200041465046109AF9F7ECFB04E0414650468B
:10A63000119AF9F7E6FB08F101001FFA80F81248B9
:10A640004088404500DC64E70598A8EB0000A04284
:10A650000BD1DDF814800AF101001FFA80FA0A48D4
:10A660000088504500DC54E703E0701CC6B2082E99
:10A67000D1DB00BF0BF1010000F0FF0B0298834516
:10A68000C3DB00BF45E70000300500208406010859
:10A6900004D7000878DB000868E10008C4EE000871
:10A6A0002DE9FC4706460F4615461C46DDE90A899A
:10A6B000B2460CB9BDE8FC871AE012480088B042E7
:10A6C00002DC5646781987B20E484088B84200DC52
:10A6D00014E0CDE9008922782B4639463046FFF751
:10A6E000EBFE284605EBD07106EB61018EB2641CCF
:10A6F00020787E2802DC20782028DEDA00BF00BF28
:10A70000D8E70000300500202DE9FC5F82468B462B
:10A7100014461D46DDE90C6786E00C2C1DD14FF078
:10A7200000090CE0434901EB890003222946F5F7B3
:10A7300011FE10B91FFA89F804E009F10109B9F115
:10A74000070FEFD300BFA3B208F0FF0259465046EF
:10A75000CDE90067F9F7B6FB61E0102C1DD14FF091
:10A7600000090CE0334901EB890003222946F5F783
:10A77000F1FD10B91FFA89F804E009F10109B9F1F6
:10A78000070FEFD300BFA3B208F0FF0259465046AF
:10A79000CDE90067F9F796FB41E0182C1DD14FF089
:10A7A00000090CE0234901EB890003222946F5F753
:10A7B000D1FD10B91FFA89F804E009F10109B9F1D6
:10A7C0000F0FEFD300BFA3B208F0FF025946504667
:10A7D000CDE90067F9F776FB21E0202C1DD14FF081
:10A7E00000090CE0134901EB890003222946F5F723
:10A7F000B1FD10B91FFA89F804E009F10109B9F1B6
:10A80000110FEFD300BFA3B208F0FF025946504624
:10A81000CDE90067F9F756FB01E0BDE8FC9FED1CB0
:10A820000AEB04001FFA80FA287800287FF475AF3D
:10A8300000BFF2E74C0000202DE9FF4F85B006462F
:10A8400014461F46DDE9128902A93846FCF794FE3A
:10A850008246AAF1010513E002A8405D303000F005
:10A86000FF0B23465A46CDE9008930460699FFF78B
:10A8700023FE204604EBD07106EB61018EB26D1E03
:10A88000002DE9DA09B0BDE8F08F000000BF0149F2
:10A89000088070478000006C034A10804FF0D84257
:10A8A000A2F88010704700007E00006C00BF0149D4
:10A8B000088070477E00006C70B506460C4604F1B7
:10A8C0001A0000F017F805463078032805D104F186
:10A8D000140000F00FF845EA0045284670BDC17825
:10A8E000827842EA0121427842EA0121007840EA76
:10A8F000012070474178007840EA0120704710B588
:10A90000002805D0C068FEF705F908B1012010BD88
:10A91000002010BDF7F754F9FBF7D4FBF9F766FFF9
:10A92000F9F7A0FCFAF710F9FAF7A2F8FAF7D6F857
:10A93000FAF76EF8F9F75EFCF9F7D2FEFAF756F877
:10A94000F9F7B4FCFAF738F8F9F7BEFC00F09FF815
:10A9500000BFFEE77CB506460C46154604A006A3DC
:10A9600007A22946CDE900602046FCF727F87CBD08
:10A970002E63737600000000303A2F4441544100AA
:10A9800025732F257325730010F8013B11F801CBB7
:10A99000A3EB0C03521E01D0002BF5D018467047D4
:10A9A000002A05D011F8013B00F8013B521EF9D1F5
:10A9B0007047C9B200F8011B521EFBD1704700005E
:10A9C00010B50D480078A0B901220C490C48FDF7DC
:10A9D000E7FC044634B901200749087009A0FBF7D9
:10A9E000DDFF05E021460FA0FBF7D8FF012010BDD9
:10A9F00000BF0020FBE70000940000208901002038
:10AA0000ACA600205344E58DA1E69687E4BBB6E7EB
:10AA1000B3BBE7BB9FE68C82E8BDBDE68890E58AC4
:10AA20009F0D0A005344E58DA1E69687E4BBB6E787
:10AA3000B3BBE7BB9FE68C82E8BDBDE5A4B1E8B43B
:10AA4000A53A2025640D0A0070B504460D4600267F
:10AA5000206BA84210D0204600F038FF06465EB9B1
:10AA6000607801232A4604F13401FDF78FFB10B111
:10AA70004FF0FF3501262563304670BD10B502F05A
:10AA8000F1FB012801D0012010BD002010BD10B540
:10AA900001F084FE002010BD10B5FEF70FFC18B1C8
:10AAA000BDE8104002F0F2BBBDE8104002F0E8BB88
:10AAB00041680068002201F0DDBF00002DE9F0418F
:10AAC00084B005460E46029600270197002E20D03E
:10AAD00003970024B2F1FF3F25D002B11446FEF7E0
:10AAE000EDFB010068464FF0100822D0011D03AABB
:10AAF000304602F033FA012818D00097039810B3BB
:10AB000018494FF080500860BFF34F8FBFF36F8F2D
:10AB100019E080200090029A0199AA60696028607B
:10AB200004B0BDE8F0814FF0FF34D8E7CDF80080E5
:10AB3000E4E7011D2246304602F06CF901280BD0F3
:10AB40006CB140200090029A01990098AA60696057
:10AB5000286004B0BDE8F081CDF80080F3E7002064
:10AB6000F0E7000004ED00E037B582B0054614467A
:10AB700000200190002C00D10124FEF79FFBA8B11A
:10AB8000002301AA03A9284602F094F8012802D064
:10AB900005B0FF2030BD019898B10B494FF08050AF
:10ABA0000860BFF34F8FBFF36F8F0AE00023224688
:10ABB00003A9284601F0C6FF012802D005B0FF20F6
:10ABC00030BD05B0002030BD04ED00E010B5012916
:10ABD00001D0002010BD03220021012001F04AFF16
:10ABE0000446200004D000231A46194601F0AAFFAB
:10ABF000204610BD10B50446FEF760FB08B1822068
:10AC000010BD204601F06CFC002010BD38B5054693
:10AC1000002400200090FEF751FB90B169462846C1
:10AC200002F0A7F8012801D0FF2038BD009888B1B4
:10AC300009494FF080500860BFF34F8FBFF36F8F0B
:10AC400008E000231A461946284601F07BFF012838
:10AC500000D0FF24204638BD04ED00E038B505469D
:10AC600000200090002D11D00024B1F1FF3F0FD043
:10AC700001B10C46FEF722FBC0B16A46002128460E
:10AC800002F06CF9012806D0FF2038BD802038BDC5
:10AC90004FF0FF34EEE7009880B109494FF0805043
:10ACA0000860BFF34F8FBFF36F8F07E02146284640
:10ACB00002F0A2F9012801D0FF2038BD002038BDE4
:10ACC00004ED00E02DE9F04104460F46194EF56809
:10ACD0003068001D01F004FB48B93068012190F88C
:10ACE0002C0001FA00F0316921EA00003061B4F172
:10ACF000FF3F07D137B13068BDE8F041011D0E4874
:10AD000001F02ABB2C4430684460AC4206D2306863
:10AD1000011DB06BBDE8F04101F003BB3068011DBF
:10AD2000706B01F0FEFAB06A844200D2B462BDE8F2
:10AD3000F0810000040100207006002070B5044678
:10AD400001F016FB1C4DA868401CA860286810B1D3
:10AD5000686938B10CE02C60A868012808D100F0BF
:10AD6000B1F905E02868E16AC06A884200D82C6021
:10AD7000686A401C6862E06A01212A6981401143C7
:10AD800029610E4900EB800001EB8000211D01F0DC
:10AD9000E3FA01F00DFB686900280CD02868E16A2D
:10ADA000C06A884207D206494FF080500860BFF35E
:10ADB0004F8FBFF36F8F70BD0401002094050020FA
:10ADC00004ED00E010B501F0D3FA0D4C206898B9FD
:10ADD0000C4801F098FA0C4801F095FA0948E06037
:10ADE0001430206100220C210A2001F043FE206073
:10ADF00010B106A101F060FBBDE8104001F0D8BA27
:10AE0000400100208406002098060020546D7251F5
:10AE10000000000070B50D4C6068002815D00C4E85
:10AE200001F0A6FAF068C568281D01F059FAA0687B
:10AE3000401EA0606068401E606001F0B9FA2846BC
:10AE400000F051F860680028EAD170BD04010020CC
:10AE50005C0600200B46026C002A0CD0C16811442D
:10AE6000C160D0F808C0614501D30168C160C16804
:10AE70001846F5F738BA70472DE9F04104461646F2
:10AE80000027A56B226C002A10D0C6B1E068F5F748
:10AE90002AFAE168206C091AE1602268914202D224
:10AEA000A168081AE060022E16D017E02068A8B941
:10AEB000A06802F05DFA07460020A0600EE060681E
:10AEC000F5F711FA216C606808446060A168884257
:10AED00004D32068606001E005B16D1E681CA063AA
:10AEE0003846BDE8F08110B50446206B01F076FAD3
:10AEF0002046BDE8104001F071BA416A002904D033
:10AF0000006B0068C0F10700704700207047000028
:10AF10000749CA681168002904D00021016019B1ED
:10AF2000002070470121F9E7D068006870470000F1
:10AF3000400100204FF42041104810F0070F06D0C8
:10AF4000C01D20F007000D49411AC1F520410C4AEF
:10AF50001060002353600144083921F00701183ABA
:10AF600011604B600B600B1A436001604068906099
:10AF700050604FF00040506170470000AC06002068
:10AF80006C010020074E4FF08054074DFFF742FF41
:10AF900030680128FAD92C60BFF34F8FBFF36F8F51
:10AFA000F4E700009405002004ED00E0002808D03C
:10AFB000002181600160C16000231A46194601F03A
:10AFC000C1BD704703460098002905D00260C363E5
:10AFD0000164012101F06EBD0060F8E72DE9F05F2A
:10AFE00082460B9F0A9D0C9C0E4690469B464FEA5C
:10AFF0008801A522206BF5F788F9206BA8F10101E3
:10B0000000EB810020F007094FF0000866B1002036
:10B010002218315C82F83410315C11B1401C1028C8
:10B02000F6D384F8438001E084F83480072D00D300
:10B030000625E5626564C4F84880201D01F06EF9BC
:10B0400004F1180001F06AF92461C5F10700A0615C
:10B050006462C4F84C8084F850805A465146484691
:10B0600000F076FB2060002F00D03C60BDE8F09F30
:10B070002DE9F0470746089E099C0D4690469946E3
:10B08000002D16D0002C12D0FFF79CFE2760A56182
:10B09000C4F81C902662201D01F040F9B8F1000FA1
:10B0A00005D094F8240040F0040084F82400BDE8A2
:10B0B000F087502080F31188BFF34F8FBFF36F8F5D
:10B0C000FEE7000070B500240F4D04EB840005EB93
:10B0D000800001F018F9641C072CF6D30B4801F02E
:10B0E00012F90B4801F00FF90A4801F00CF90A486F
:10B0F00001F009F9094801F006F9094803494163DB
:10B100001431816370BD00009405002020060020EA
:10B1100034060020480600205C060020700600204F
:10B120000401002010B4144900E011460A6882426C
:10B13000FBD34B6803EB010C844503D140681844F2
:10B14000486008460C68D0F804C00CEB0003A3422A
:10B150000CD10A4B1B689A4206D052686244426086
:10B160000A681268026002E0036000E00260814247
:10B1700000D0086010BC70476C0100205401002012
:10B1800010B5002441600061DFF838C091420BD84F
:10B19000D11A8269914201D3012410E0011DDCF82B
:10B1A000100001F0BEF80AE09A4203D2994201D39E
:10B1B000012404E0011DDCF80C0001F0B2F8204687
:10B1C00010BD00004001002010B5044601F0D0F889
:10B1D000A06B20B1002401F0EBF8204610BD012443
:10B1E000F9E710B5044601F0C3F8A06BE16B8842A3
:10B1F00001D1012400E0002401F0DAF8204610BD5E
:10B20000F8B505460E461748C068C068C468201DDA
:10B2100001F066F894F8240010F0040F18D0A0692B
:10B220002B46411932462046FFF7AAFFA0B1002065
:10B230000346014600902A46204602F019FA58B902
:10B24000502080F31188BFF34F8FBFF36F8FFEE75D
:10B2500020F0010084F82400216A01B02046BDE8F6
:10B26000F04008474001002030B585B03E4D002237
:10B2700002A9286801F0CEFD00286ED002980028AF
:10B2800064DB049C606910B1201D01F029F801A85D
:10B2900000F0B4F8024602980A2857D2DFE800F01E
:10B2A0000505052F364D05052F3694F8240040F08E
:10B2B000010084F824000398A16903460144204654
:10B2C000FFF75EFF002841D0216A2046884794F8A6
:10B2D000240010F0040F39D0002000900398A169D9
:10B2E000002342181946204602F0C2F970BB5020D4
:10B2F00080F31188BFF34F8FBFF36F8FFEE794F891
:10B30000240020F0010084F824001FE094F82400B9
:10B3100040F0010084F824000398A06128B181184E
:10B3200013462046FFF72CFF10E0502080F31188D1
:10B33000BFF34F8FBFF36F8FFEE794F8240010F038
:10B34000020F0CD020F0010084F82400002202A992
:10B35000286801F05FFD002890D105B030BD20467F
:10B3600001F03CF8F2E7000040010020F8B5054686
:10B370000C4601F04FFA684600F040F80646009887
:10B3800010B102F0C9F8F8BD44B9B54206D802F0D0
:10B39000C3F831462846FFF733FFF8BD0C481CB10F
:10B3A0000169096891B10024A91B2246006801F0D7
:10B3B000BFF802F0B1F80028EFD106494FF08050F5
:10B3C0000860BFF34F8FBFF36F8FF8BD0124EBE729
:10B3D0004001002004ED00E00749486B00680028A8
:10B3E00005D0486BC068C0684068886270474FF0FD
:10B3F000FF308862704700000401002070B50446E9
:10B4000001F03EFF0546074EB068854204D200F0C9
:10B410000BF80120206001E000202060B560284684
:10B4200070BD000040010020F8B51C4EF0680068B7
:10B43000002826D00027F068C0680568C468201D71
:10B4400000F04EFF216A2046884794F8240010F04F
:10B45000040F12D0A0692844A84206D96060246174
:10B46000211DF06800F05DFF07E000232A46194621
:10B470002046009702F0FCF840B1F0680068002810
:10B48000D9D1F0683169F1603061F8BD502080F3A6
:10B490001188BFF34F8FBFF36F8FFEE7400100208D
:10B4A0000A484068B0F1FF3F07D0502080F3118870
:10B4B000BFF34F8FBFF36F8FFEE7502080F31188EB
:10B4C000BFF34F8FBFF36F8FFEE7000074010020C2
:10B4D00082B001A8FFF71CFD0199FFF747FFFFF7B6
:10B4E000C3FEF6E770B5044600F042FF94F94550FC
:10B4F000002D0CDD606A50B104F1240001F0D0FF92
:10B5000008B101F0B9F8681E45B2002DF2DC4FF029
:10B51000FF3684F8456000F04BFF00F029FF94F9F6
:10B520004450002D0CDD206950B104F1100001F0F1
:10B53000B7FF08B101F0A0F8681E45B2002DF2DC9B
:10B5400084F84460BDE8704000F032BF2DE9F04758
:10B5500004460D4616460227022D75D3A069A8425F
:10B5600072D920784FF0010A012806D040F2FF1866
:10B5700002283CD0032867D14CE005EB5508606AEF
:10B5800000EB58212046FFF75FFA074638005BD1F1
:10B59000C8F30800204408F10109343015F0010F08
:10B5A00004D00178F2B262F31F1100E0314601705D
:10B5B00084F803A0606A00EB59212046FFF744FAA3
:10B5C0000746380040D1C9F308002044343015F054
:10B5D000010F02D0C6F3071105E00178C6F303227C
:10B5E00001F0F0011143017084F803A02CE0606ABF
:10B5F00000EB15212046FFF727FA0746380023D134
:10B6000008EA45002044B1B2343000F014F984F85F
:10B6100003A019E0606A00EBD5112046FFF714FA89
:10B620000746380010D108EA8500051905F13400F5
:10B63000FFF755F966F31B0005F134020146104689
:10B6400000F0EFF884F803A03846BDE8F08700006A
:10B650002DE9F0410546002601F0DCF8344F38684A
:10B6600008B9FFF767FC7869054251D19DB10835EB
:10B6700015F0070F0FD005F00700C0F108000544D2
:10B6800015F0070F07D0502080F31188BFF34F8FBC
:10B69000BFF36F8FFEE7002D3AD07868854237D828
:10B6A00024490846046801E0214604466068A8422F
:10B6B00002D220680028F7D13868844228D0086870
:10B6C00000F10806206808606068411B10290FD946
:10B6D000601910F0070F07D0502080F31188BFF3D6
:10B6E0004F8FBFF36F8FFEE741606560FFF71AFD74
:10B6F00061687868401A7860BA68904200D2B86091
:10B7000078690843606000202060F868401CF86099
:10B7100001F002FF16F0070F07D0502080F31188C8
:10B72000BFF34F8FBFF36F8FFEE73046BDE8F08168
:10B73000540100206C01002004490868002803D04F
:10B740000868826C521C82640868704704010020FB
:10B75000001F4FF080730360001F21F001010160A2
:10B76000001F0549016014380260001F6FF00201DC
:10B770000160203870470000A1B400082DE9F041B5
:10B780000E46074611463C68022E02D3A069B0421D
:10B7900002D80220BDE8F08131B14FF0FF322046DF
:10B7A000FFF7D4FE0028F5D131463846FDF784FB7B
:10B7B0000546CDB1012D1AD0B5F1FF3F1AD00022B8
:10B7C00031462046FFF7C2FE0028E3D1A169606937
:10B7D0008A1E904205D2401C6061207940F0010031
:10B7E00020712E46B142DFD80020BDE8F081022052
:10B7F000BDE8F0810120BDE8F08170B506460C4639
:10B800001546A9B204F11A0000F015F830780328A3
:10B8100006D1290C04F11400BDE8704000F00BB80B
:10B8200070BD0170421C080A1070511C000A08709B
:10B83000000A487070470170421C080A1070704777
:10B8400070B50446204600F041F80546002D37D17A
:10B85000207803282DD1207901282AD14202002105
:10B8600004F13400FFF7A5F84AF6552104F232201E
:10B87000FFF7E1FF134904F13400FFF7D2FF12494B
:10B8800004F50670FFF7CDFF04F507706169FFF757
:10B89000C8FF04F508702169FFF7C3FF206A421C46
:10B8A00022636078012304F13401FCF78BFC002053
:10B8B0002071002260781146FCF75AFC00B1012586
:10B8C000284670BD52526141727241612DE9F041CA
:10B8D00004460027E078002820D0266B60780123FA
:10B8E000324604F13401FCF76DFC08B1012715E084
:10B8F0000020E070606AE169301A88420ED2A578B3
:10B90000022D0BD3E069064460780123324604F12E
:10B910003401FCF757FC6D1E022DF3D23846BDE80A
:10B92000F08100000121014A1160704704000020ED
:10B930002DE9F04F2DED088B8BB04FF00008002063
:10B94000059000BFA04988863AE19F4841680120E0
:10B9500088479D48808E00F4004000287ED0022158
:10B960009A48F6F70DF90028F8D00020059096487F
:10B97000808906A921F828009348008C01EB8801F2
:10B98000488008F1010000F0FF08B8F1050F65D10B
:10B99000BDF81C00BDF81810401A04B2BDF8240010
:10B9A000BDF82010401A06B2BDF82610BDF81E00E2
:10B9B000081A05B2BDF82200BDF81A10401A07B2E5
:10B9C0003046F4F74CFD41EC1A0B2046F4F747FDE6
:10B9D00041EC1B0B53EC1A2BF4F7D2FC41EC180B87
:10B9E0003846F4F73CFD41EC1A0B2846F4F737FDD6
:10B9F00041EC1B0B53EC1A2BF4F7C2FC41EC190B76
:10BA00009FED730B53EC102B51EC180BF4F74CFD1E
:10BA100005D251EC180B81F0004141EC180B9FED61
:10BA20006C0B53EC102B51EC190BF4F73DFD05D2C8
:10BA300051EC190B81F0004141EC190B9FED660BA5
:10BA400053EC102B51EC180BF4F72EFD64D39FED43
:10BA5000640B53EC102B51EC180B00E0A1E0F4F751
:10BA60003BFD59D39FED5C0B53EC102B51EC190BA4
:10BA7000F4F71AFD50D39FED5A0B53EC102B51ECF9
:10BA8000190BF4F729FD47D30094002C01DB009833
:10BA900001E000984042B0F5805F3DDA0195002D4D
:10BAA00001DB019801E001984042B0F5805F33DA94
:10BAB0000296002E01DB029801E002984042B0F5A8
:10BAC000805F29DA0397002F01DB039801E00398D8
:10BAD0004042B0F5805F1FDA0494002C01DB04982B
:10BAE00001E004984042B8B1B5F1000B01DB5846C3
:10BAF00001E0CBF1000078B1B6F1000A01DB50465D
:10BB000001E0CAF1000038B1B7F1000901DB484695
:10BB100001E0C9F1000010B94FF0000850E0A01991
:10BB200000EE100AF8EEC00A2F48008828384000BE
:10BB300000EE100AB8EEC00A80EE801A224880EDAE
:10BB40000E1AE81900EE100AF8EEC00A26484088DE
:10BB50002838400000EE100AB8EEC00A80EE801AC5
:10BB6000194880ED0F1ABDF8280000B21649A1F857
:10BB70004000BDF82A0000B2A1F842004FF6FF7065
:10BB8000F8F7C8F84FF47A70F5F748FE00F012FAAB
:10BB90004FF6FF70F8F7BEF80BB0BDEC088BBDE8B0
:10BBA000F08F0A20F5F73AFE0598401C80B2059008
:10BBB0000598B0F57A7F02DD00F018F801E000BFCB
:10BBC000C3E600BF00BFE7E7B40000200004024066
:10BBD0000000000000000000666666666666EE3FD4
:10BBE000CDCCCCCCCCCCF03F3005002070B5084C8F
:10BBF00000250C2221462820FBF74CFC3420FBF7C3
:10BC00005BFC05460A2D01D1012070BD0020FCE738
:10BC1000EC00002000B52DED048B83B000202D49F1
:10BC200081F844002031A1F1140000F049F9FBF73C
:10BC30002DFCFFF7DBFF00283DD027A0FAF7AEFE72
:10BC4000244890ED0F0A10EE101A0846F4F718FC7D
:10BC500041EC180B1F4890ED0E0A10EE101A084622
:10BC6000F4F70EFC41EC190B8DED008B53EC192B06
:10BC700021A0FAF793FE174890ED0E0AB5EEC00A20
:10BC8000F1EE10FA06D090ED0F0AB5EEC00AF1EE13
:10BC900010FA0BD11EA0FAF781FE4FF6FF70F8F7ED
:10BCA00039F8FFF745FE00F085F90FE0002003B0FA
:10BCB000BDEC048B00BD22A0FAF770FE4FF6FF70BA
:10BCC000F8F728F8FFF734FE00F074F9FFF78EFF5D
:10BCD0000120ECE7B4000020466F756E64207361AC
:10BCE0007665642063616C6962726174696F6E204D
:10BCF000646174610D0A0000786661633D252E322F
:10BD0000662C20796661633D252E32660D0A00009F
:10BD1000496E76616C69642063616C6962726174FA
:10BD2000696F6E20646174612C20726563616C6957
:10BD300062726174696E672E2E2E0D0A000000007B
:10BD40004E6F2063616C6962726174696F6E20640A
:10BD50006174612C2073746172742063616C696218
:10BD6000726174696F6E2E2E2E0D0A0070B5064634
:10BD70000025002400BF002201213048F5F708FF0C
:10BD800000BF00BF00224FF400612D48F5F700FF0F
:10BD900000BF00BF00224FF400512A48F5F7F8FE1B
:10BDA00000BF304600F0C0F90620FBF7C7FF00BF18
:10BDB000002201212148F5F7EBFE00BF0120FBF72F
:10BDC000BDFF00BF012211461C48F5F7E1FE00BF90
:10BDD0000120FBF7B3FF00BF002201211748F5F750
:10BDE000D7FE00BF00BF1DE04FF6FF7000EA44041D
:10BDF00000BF002201211148F5F7CAFE00BF012053
:10BE0000FBF79CFF00BF012211460C48F5F7C0FE6E
:10BE100000BF04210948F5F7B3FE08B1601C84B2E5
:10BE2000681CC5B2102DDFDB241100BF01225103B5
:10BE30000448F5F7ADFE00BF204670BD0004024087
:10BE400000140240000802402DE9FE43804600270E
:10BE5000002406E04046FFF789FF2DF81400601C1F
:10BE600084B2052CF6DB002416E0601C85B20FE0DE
:10BE70003DF814003DF81510884207DD3DF81460C8
:10BE80003DF815002DF814002DF81560681C85B2DA
:10BE9000052DEDDB601C84B2042CE6DB00270124B9
:10BEA00005E03DF81400384487B2601C84B2042CCD
:10BEB000F7DB032097FBF0F086B23046BDE8FE8347
:10BEC0002DE9F04106460F460D4890F8440000F079
:10BED000010040B19020FFF7B7FF0546D020FFF7E3
:10BEE000B3FF044607E0D020FFF7AEFF05469020E1
:10BEF000FFF7AAFF044635803C80BDE8F0810000D2
:10BF0000B40000207FB504460D4602A903A8FFF740
:10BF1000D7FF694601A8FFF7D3FFBDF80400BDF8BD
:10BF20000C10884206DCBDF80C10BDF8040032305D
:10BF300081420CDBBDF80C00BDF80410884237DCF0
:10BF4000BDF80410BDF80C003230814230DABDF883
:10BF50000000BDF80810884206DCBDF80810BDF8E6
:10BF60000000323081420CDBBDF80800BDF8001043
:10BF700088421DDCBDF80010BDF808003230814257
:10BF800016DABDF80C10BDF80420881800EBD0714B
:10BF9000C1F34F012180BDF80810BDF800208818BA
:10BFA00000EBD071C1F34F012980012004B070BDB6
:10BFB0000020FBE710B5054C0C2221462820FBF79A
:10BFC000A4FA0A213420FBF7B2FA10BDEC000020DD
:10BFD00010B5044602215148F5F7D2FD00287DD165
:10BFE0002CB14F49A1F11400FFF78CFF64E04C49DC
:10BFF000A1F11400FFF786FF00285DD048482038E3
:10C00000808947492039B1F84010401A00B200EE4B
:10C01000100A4349203991ED0E1AB8EEC02AC2EE3B
:10C02000011A4049088800EBD071491001EE101A3E
:10C03000B8EEC11A31EE811ABDEEC11A11EE101A16
:10C04000374A203A91811046008C1146B1F84210CF
:10C05000401A00B200EE900A114691ED0F1AB8EEA8
:10C06000E02AC2EE011A2F49488800EBD07149102E
:10C0700001EE101AB8EEC11A31EE811ABDEEC11AE6
:10C0800011EE101A118410468089264909888842C9
:10C0900004DB24480088401E11468881204820384F
:10C0A000008C20494988884205DB1E484088401E94
:10C0B0001B492039088400BF19482038808E00F4BD
:10C0C000004028BB4FF400401549203988860846B7
:10C0D0008189C183018C41861AE0FFE7104820382E
:10C0E000808E00F4004040B10D482038808E20F44E
:10C0F00000400B49203988860AE000210848203892
:10C10000C18341864FF6FF70054920398881088434
:10C110000348203890F83400002010BD000402408D
:10C12000D40000203005002070B50446002500BF73
:10C1300026E004F0800030B100BF0122D102124895
:10C14000F5F726FD07E000BF00224FF400610E481E
:10C15000F5F71EFD00BF6006040E00BF002201219E
:10C160000A48F5F715FD00BF0120FBF7E7FD00BF0A
:10C17000012211460548F5F70BFD00BF681CC5B24A
:10C18000082DD6DB70BD0000001402400004024000
:10C19000002808D00C2906D00B2904D00F2902D082
:10C1A000C068FCF7B5BC70472DE9FC4105468846E0
:10C1B00017461C46384607EBD071C1F34706207876
:10C1C00046490978884204D16078444949788842D0
:10C1D00024D000204FF6E071CDE9001022783B46D4
:10C1E00041462846FEF768F900204FF6E071CDE998
:10C1F00000106278A91988B23B464146FEF75CF907
:10C2000000204FF6E071CDE90010022101FB06513C
:10C2100088B23B463A224146FEF74EF9E0782F4974
:10C22000C978884204D120792C490979884229D0DB
:10C2300000204FF6E071CDE90010E278032101FB08
:10C24000065188B23B464146FEF736F900204FF6CC
:10C25000E071CDE900102279042101FB065188B27A
:10C260003B464146FEF728F900204FF6E071CDE944
:10C270000010052101FB065188B23B463A22414697
:10C28000FEF71AF9A07915498979884204D1E07935
:10C290001249C97988421BD000204FF6E071CDE9E0
:10C2A0000010A279062101FB065188B23B464146A7
:10C2B000FEF702F900204FF6E071CDE90010E279B7
:10C2C000072101FB065188B23B464146FEF7F4F8D0
:10C2D00021460248F4F74BF8BDE8FC812005002018
:10C2E0000169436882689A60836842685A604A6854
:10C2F000824201D182684A60002202610868401EC1
:10C3000008600868704700F1080141604FF0FF3293
:10C310008260C160016100210160704700210161FC
:10C32000704710B4D1F800C0BCF1FF3F02D000F15B
:10C33000080202E0026904E01A4653681C6864457A
:10C34000FAD953684B6099608A605160086101684E
:10C35000491C016010BC704742684A6093688B605A
:10C3600093685960916008610168491C01607047D9
:10C37000502080F31188BFF34F8FBFF36F8F0A49AE
:10C380004868401C486001280CD10848006810F03B
:10C39000FF0F07D0502080F31188BFF34F8FBFF3FA
:10C3A0006F8FFEE7704700007401002004ED00E08D
:10C3B00009494868002806D0401E4860002801D17D
:10C3C00080F311887047502080F31188BFF34F8F9E
:10C3D000BFF36F8FFEE700007401002070B50028E6
:10C3E0002AD0A0F10804154D60686969084207D198
:10C3F000502080F31188BFF34F8FBFF36F8FFEE79C
:10C4000022683AB1502080F31188BFF34F8FBFF3F9
:10C410006F8FFEE78843606000F0FCF96068696830
:10C42000084468602046FEF77DFE2869401C2861AC
:10C43000BDE8704001F070B870BD000054010020EC
:10C440004FF0E02000210161816105494FF47A72CB
:10C450000968B1FBF2F1491E416107210161704792
:10C460004800002010B5F3F7F7FE114910280ED34D
:10C4700000F1E02090F8F0030A78904207D25020B3
:10C4800080F31188BFF34F8FBFF36F8FFEE709482A
:10C490000068896800F4E060884207D9502080F382
:10C4A0001188BFF34F8FBFF36F8FFEE710BD000001
:10C4B000740100200CED00E00022084B53F832C05C
:10C4C000BCF1000F03D0521C082AF7D3704743F881
:10C4D000321003EBC2014860704700005405002091
:10C4E00010B50446002C07D0204600F00DF8204679
:10C4F000BDE81040FFF772BF502080F31188BFF3F2
:10C500004F8FBFF36F8FFEE70021084A02EBC10394
:10C510005B68834206D1002042F8310002EBC10182
:10C5200048607047491C0829F0D370475405002023
:10C5300070B504460D461646FFF71AFF94F94400FD
:10C54000B0F1FF3F4FF0000001D184F8440094F9AE
:10C550004510B1F1FF3F01D184F84500FFF728FFF6
:10C56000A06B28B93246294604F1240000F0A4F853
:10C570002046BDE87040FEF7B5BF000010B502468A
:10C580000020002A12D00F48006B38B1502080F3F1
:10C590001188BFF34F8FBFF36F8FFEE700F03AF9BA
:10C5A00000211046FEF78EFB00F0B6FF002807D1F1
:10C5B00005494FF080500860BFF34F8FBFF36F8F76
:10C5C00010BD00000401002004ED00E070B5044639
:10C5D0000D460023002C0BD095B1214A106BB8B149
:10C5E000502080F31188BFF34F8FBFF36F8FFEE7AA
:10C5F000502080F31188BFF34F8FBFF36F8FFEE79A
:10C60000502080F31188BFF34F8FBFF36F8FFEE789
:10C6100000F000F9D268D4F800C00CEB0501944595
:10C6200005D98C4508D9914206D9012304E08C45EF
:10C6300001D8914200D9012321601BB1881A002141
:10C64000FEF740FB00F068FF002807D105494FF0D6
:10C6500080500860BFF34F8FBFF36F8F70BD000035
:10C660000401002004ED00E002490A6A0260C96882
:10C67000416070470401002001490120C8617047F2
:10C680000401002010B50C4600280BD0094A12689E
:10C6900002F11801FFF745FE2046BDE810400121D8
:10C6A000FEF710BB502080F31188BFF34F8FBFF30C
:10C6B0006F8FFEE70401002070B50D461446002878
:10C6C0000DD00B4909681831FFF746FE0CB14FF049
:10C6D000FF3521462846BDE87040FEF7F3BA5020EA
:10C6E00080F31188BFF34F8FBFF36F8FFEE7000019
:10C6F0000401002070B50446002849D0A26CA2B104
:10C70000606C884200D30146E06A884240D0012A2A
:10C710003ED1204D2A6894420FD1502080F31188D9
:10C72000BFF34F8FBFF36F8FFEE7502080F3118868
:10C73000BFF34F8FBFF36F8FFEE7E162A26912F084
:10C74000004F02D1C1F10701A161134E00EB80003F
:10C75000616906EB800081421AD1201DFFF7C0FD00
:10C76000012138B994F82C002A6901FA00F022EA74
:10C7700000002861E06A2A6981401143296100EBC9
:10C78000800006EB8000211DBDE87040FFF7E4BD8E
:10C7900070BD0000040100209405002010B582B097
:10C7A0001748002401902346802216A100941748C0
:10C7B00000F024FD012801D100F030FF01280AD04B
:10C7C000B0F1FF3F1AD1502080F31188BFF34F8F93
:10C7D000BFF36F8FFEE7502080F31188BFF34F8FB8
:10C7E000BFF36F8F0A484FF0FF3181620121416131
:10C7F000C46002B0BDE8104000F098B802B010BDAF
:10C800003001002049444C450000000085AF00087D
:10C81000040100200248016B491C016370470000BD
:10C8200004010020154A106B002802D00120D061BD
:10C8300070470020D0611069B0FA80F0C0F11F008D
:10C840000F4900EB800051F8203073B101EB8000FC
:10C8500041684968416000F10803994201D1496883
:10C8600041604068C06810607047502080F31188B4
:10C87000BFF34F8FBFF36F8FFEE70000040100206E
:10C880009405002070B504460E460925002C19D0E9
:10C890002068B8B10178A9B1A188C288914211D1AC
:10C8A000FEF72DF868B120684078FBF77FFC10F0A8
:10C8B000010F04D000212068FFF76AFC02E0002588
:10C8C00000E00F251DB100203060284670BD2068B3
:10C8D000FAE70000F8B505460BA42046F3F733FD50
:10C8E00007466B463A4621462846FBF7F3FF0646C5
:10C8F0002EB92046F3F727FD0099884201D0012088
:10C90000F8BD0020FCE7000074696D652C74656D4E
:10C9100070657261747572652C68756D696469748F
:10C92000792C6C696768740A0000000010B582B049
:10C9300038480168384A914207D1502080F3118865
:10C94000BFF34F8FBFF36F8FFEE700683349884214
:10C9500007D1502080F31188BFF34F8FBFF36F8F43
:10C96000FEE72F4908780190FF20087008780090B2
:10C970009DF800009DF8002000F0F000904207D0E4
:10C98000502080F31188BFF34F8FBFF36F8FFEE706
:10C990009DF80000234C00F0500020700720A0609C
:10C9A0009DF8000010F0800F0BD0A068401EA06022
:10C9B0009DF80000400000909DF8000010F0800FEE
:10C9C000F3D1A068032807D0502080F31188BFF36B
:10C9D0004F8FBFF36F8FFEE74FF44070A060019858
:10C9E00008701148016841F470010160016841F06C
:10C9F00070410160FFF724FD00206060F3F7F4FB55
:10CA00000A48016841F040410160F3F7D9FB02B0E8
:10CA1000002010BD00ED00E071C20F4170C20F4157
:10CA200000E400E07401002020ED00E034EF00E0BD
:10CA300010B5502080F31188BFF34F8FBFF36F8F75
:10CA400000F02CFC18B104494FF080500860002021
:10CA500080F3118810BD000004ED00E010B502461F
:10CA60000021012000F006F804462046FEF79EFA59
:10CA7000204610BDF8B505460E461746002D10D0CD
:10CA800005FB06F04830FEF7E3FD04463CB104F137
:10CA900048023B46314628460094FEF793FA20466A
:10CAA000F8BD502080F31188BFF34F8FBFF36F8F15
:10CAB000FEE7000070B504460D46002C25D0FFF7B8
:10CAC00057FC226CE16B206801FB0200A060002093
:10CAD000A06320686060E16B226C2068491E01FB46
:10CAE0000200E0604FF0FF3084F8440084F8450015
:10CAF0009DB104F11000FFF706FC04F12400FFF7DC
:10CB000002FCFFF755FC012070BD502080F3118816
:10CB1000BFF34F8FBFF36F8FFEE720690028F0D07F
:10CB200004F1100000F0BCFC0028EAD004494FF0EA
:10CB300080500860BFF34F8FBFF36F8FE1E70000B5
:10CB400004ED00E02DE9FF4782B004468A461F4607
:10CB50000025002C03D0BAF1000F08D011E05020BE
:10CB600080F31188BFF34F8FBFF36F8FFEE7206C08
:10CB700038B1502080F31188BFF34F8FBFF36F8F10
:10CB8000FEE7022F0AD1E06B012807D0502080F386
:10CB90001188BFF34F8FBFF36F8FFEE700F062FB8A
:10CBA00048B9049838B1502080F31188BFF34F8FF3
:10CBB000BFF36F8FFEE700264FF08058DFF8F0904C
:10CBC000FFF7D6FBA06BE16B884205D3022F03D0A1
:10CBD000049808B335B329E03A4651462046FEF79B
:10CBE0004BF9616A59B104F1240000F059FC68B1B5
:10CBF000C9F80080BFF34F8FBFF36F8F06E028B1F5
:10CC0000C9F80080BFF34F8FBFF36F8FFFF7D0FBE2
:10CC100006B00120BDE8F087FFF7CAFB06B0002090
:10CC2000BDE8F0876846FFF71FFD0125FFF7C0FB51
:10CC3000FFF7F0FDFFF79CFB94F94400B0F1FF3FD4
:10CC400001D184F8446094F94500B0F1FF3F01D16F
:10CC500084F84560FFF7ACFB04A9684600F08EFA43
:10CC600040B12046FEF73EFC00F056FC06B0002026
:10CC7000BDE8F0872046FEF7B4FA90B104F1100049
:10CC80000499FFF7FFFC2046FEF72CFC00F044FC63
:10CC9000002895D1C9F80080BFF34F8FBFF36F8F85
:10CCA0008EE72046FEF71EFC00F036FC88E7000009
:10CCB00004ED00E02DE9F0470446894617461E467C
:10CCC000002C03D0B9F1000F08D011E0502080F300
:10CCD0001188BFF34F8FBFF36F8FFEE7206C38B121
:10CCE000502080F31188BFF34F8FBFF36F8FFEE7A3
:10CCF000022E0AD1E06B012807D0502080F3118862
:10CD0000BFF34F8FBFF36F8FFEE7FFF7ABFB5020F2
:10CD1000EFF3118880F31188BFF34F8FBFF36F8F4C
:10CD2000A06BE16B884206D3022E04D0002088F36A
:10CD30001188BDE8F08794F94550A06B324649460A
:10CD40002046FEF799F8B5F1FF3F04D0681C84F83F
:10CD500045000120EBE7606A0028FAD004F12400C6
:10CD600000F09EFB0028F4D0002FF2D001203860A4
:10CD7000EFE770B504460D46002C09D0206C78B161
:10CD8000502080F31188BFF34F8FBFF36F8FFEE702
:10CD9000502080F31188BFF34F8FBFF36F8FFEE7F2
:10CDA000206848B9A06838B1502080F31188BFF3DB
:10CDB0004F8FBFF36F8FFEE7FFF754FB5020EFF369
:10CDC000118680F31188BFF34F8FBFF36F8FA06B75
:10CDD000E16B814219D994F94520401CA063B2F15E
:10CDE000FF3F04D0501C84F8450001200EE0606A2B
:10CDF0000028FAD004F1240000F052FB0028F4D0FF
:10CE0000002DF2D001202860EFE7002086F3118882
:10CE100070BD00002DE9F74783B004468A4600251F
:10CE2000002C03D0BAF1000F08D011E0502080F39D
:10CE30001188BFF34F8FBFF36F8FFEE7206C38B1BF
:10CE4000502080F31188BFF34F8FBFF36F8FFEE741
:10CE500000F008FA48B9059838B1502080F31188DD
:10CE6000BFF34F8FBFF36F8FFEE700274FF080585F
:10CE7000DFF8E490FFF77CFAA66BC6B15146204676
:10CE8000FDF7E8FF701EA063206950B104F11000A7
:10CE900000F006FB28B1C9F80080BFF34F8FBFF345
:10CEA0006F8FFFF785FA06B00120BDE8F08705987F
:10CEB00008B135B109E0FFF77BFA06B00020BDE804
:10CEC000F0876846FFF7D0FB0125FFF771FAFFF7FF
:10CED000A1FCFFF74DFA94F94400B0F1FF3F01D1F6
:10CEE00084F8447094F94500B0F1FF3F01D184F813
:10CEF0004570FFF75DFA05A9684600F03FF968B193
:10CF00002046FEF7EFFA00F007FB2046FEF75CF93B
:10CF10000028AFD006B00020BDE8F0872046FEF71D
:10CF200053F990B104F124000599FFF7ABFB2046BB
:10CF3000FEF7D8FA00F0F0FA00289BD1C9F800807B
:10CF4000BFF34F8FBFF36F8F94E72046FEF7CAFA07
:10CF500000F0E2FA8EE7000004ED00E02DE9F04772
:10CF6000044689461746002C03D0B9F1000F08D0BB
:10CF700011E0502080F31188BFF34F8FBFF36F8F04
:10CF8000FEE7206C38B1502080F31188BFF34F8F3B
:10CF9000BFF36F8FFEE7FFF765FA5020EFF31188BC
:10CFA00080F31188BFF34F8FBFF36F8FA56BEDB187
:10CFB00094F9446049462046FDF74CFF681EA06383
:10CFC000B6F1FF3F04D0701C84F8440001200EE04D
:10CFD00020690028FAD004F1100000F061FA00285E
:10CFE000F4D0002FF2D001203860EFE7002088F362
:10CFF0001188BDE8F08700002DE9F34383B00446B3
:10D0000000250026002C09D0206C78B1502080F338
:10D010001188BFF34F8FBFF36F8FFEE7502080F36F
:10D020001188BFF34F8FBFF36F8FFEE700F01AF93F
:10D0300048B9049838B1502080F31188BFF34F8F5E
:10D04000BFF36F8FFEE700274FF08058DFF828917D
:10D05000FFF78EF9A06BC8B1401EA063206810B91D
:10D06000FEF76AFBA060206950B104F1100000F0E7
:10D0700017FA28B1C9F80080BFF34F8FBFF36F8F45
:10D08000FFF796F905B00120BDE8F083049808B1D8
:10D090007DB112E03EB1502080F31188BFF34F8F75
:10D0A000BFF36F8FFEE7FFF783F905B00020BDE8FF
:10D0B000F0836846FFF7D8FA0125FFF779F9FFF703
:10D0C000A9FBFFF755F994F94400B0F1FF3F01D1F6
:10D0D00084F8447094F94500B0F1FF3F01D184F821
:10D0E0004570FFF765F904A9684600F047F8D0B12C
:10D0F0002046FEF7F7F900F00FFA2046FEF764F835
:10D100000028A5D05EB1FFF733F92046FDF7F5FE04
:10D11000A26801461046FFF7EDFAFFF749F905B09E
:10D120000020BDE8F0832046FEF74EF8E8B1206805
:10D1300038B9FFF71DF9A06800F068F90646FFF757
:10D1400037F904F124000499FFF79CFA2046FEF712
:10D15000C9F900F0E1F900287FF47AAFC9F800803E
:10D16000BFF34F8FBFF36F8F72E72046FEF7BAF918
:10D1700000F0D2F96CE7000004ED00E070B5054660
:10D180000C46002D15D0E4B1FFF7F2F8DFF868C0C7
:10D19000DCF80C006B68C11A2268B2F1FF3F18D0AE
:10D1A0002E68DCF820C0664515D0834213D80124D0
:10D1B0001DE0502080F31188BFF34F8FBFF36F8FB6
:10D1C000FEE7502080F31188BFF34F8FBFF36F8FBE
:10D1D000FEE700240BE08A4206D9501A2060284658
:10D1E000FFF742FA002402E0002020600124FFF74C
:10D1F000DFF8204670BD0000040100202DE9F04F4B
:10D2000085B081460F9F0E9E8A4690469B464FEA08
:10D210008800FEF71DFA054628000AD05420FEF7C4
:10D2200017FA04460CB1256304E02846FFF7D6F848
:10D2300000E000248CB1002003905B46424651463A
:10D240000197009602944846FDF7C8FE2046FDF778
:10D2500075FD05B00120BDE8F08F05B04FF0FF303F
:10D26000BDE8F08F05484169002903D0006B18B173
:10D270000020704701207047022070470401002001
:10D280000148C068704700000401002010B5FFF796
:10D29000E9F80148C06810BD040100202DE9F047FD
:10D2A0000026314F386B002805D0B869401CB861A2
:10D2B0003046BDE8F087F868451CFD609DB9786B85
:10D2C000006838B1502080F31188BFF34F8FBFF34F
:10D2D0006F8FFEE7786BB96B7963B863386A401C6F
:10D2E0003862FEF779F8B86ADFF8808085420FD39C
:10D2F0004FF00109786B006838B1786BC068C4687A
:10D300006068854212D2B86202E04FF0FF30B86226
:10D310003868C06A00EB800058F82000012800D966
:10D320000126F8690028C3D00126C1E7201DFEF7B9
:10D33000D7FFA06A18B104F11800FEF7D1FFE16A27
:10D340003A6909FA01F01043386101EB810008EBFA
:10D350008000211DFFF700F8E06A3968C96A884239
:10D36000C8D30126C6E70000040100209405002070
:10D3700070B504460021002841D0224D286884421F
:10D3800007D0502080F31188BFF34F8FBFF36F8F0A
:10D39000FEE7A06C38B1401EA064636CE26A9A425A
:10D3A0002DD040B12BE0502080F31188BFF34F8F78
:10D3B000BFF36F8FFEE7201DFEF792FF1249012297
:10D3C00058B9E06A00EB800351F823302BB92B6980
:10D3D00002FA00F023EA00002861606CE062C0F10C
:10D3E0000700A061E06A2B6982401A432A6100EBC2
:10D3F000800001EB8000211DFEF7AEFF01210846F1
:10D4000070BD0000040100209405002070B50446A2
:10D410000020002C37D0204DE16A2A68D26A914260
:10D4200032D2A06910F0004F04D12868C06AC0F160
:10D430000700A061E06A194E00EB8000616906EB0D
:10D44000800081421BD1201DFEF74AFF012138B91F
:10D4500094F82C002A6901FA00F022EA0000286101
:10D460002868C06AE0622A6981401143296100EBA3
:10D47000800006EB8000211DFEF76EFF02E02868A9
:10D48000C06AE062012070BD616C2A68D26A914274
:10D49000F9D2012070BD0000040100209405002095
:10D4A00070B5C068C468002C14D004F11800FEF7F1
:10D4B00017FF164D286B0126A0B104F1180114487E
:10D4C000FEF74AFFE06A2968C96A88421CD9012030
:10D4D000EE6170BD502080F31188BFF34F8FBFF312
:10D4E0006F8FFEE7201DFEF7FBFEE06A2A6906FA51
:10D4F00000F111432961074900EB800001EB800036
:10D50000211DFEF729FFDDE7002070BD040100208A
:10D5100048060020940500202DE9F0470024A0468D
:10D520002D4D286B002807D0FEF722FF286B401EE8
:10D530002863286B40B149E0502080F31188BFF385
:10D540004F8FBFF36F8FFEE7A86800283ED0234FB0
:10D550003868012600B3A7F1B409F868C46804F17B
:10D560001800FEF7BDFE201DFEF7BAFEE06A2A692C
:10D5700006FA00F11143296100EB800009EB8000FD
:10D58000211DFEF7E9FEE06A2968C96A884200D3D6
:10D59000EE6138680028E0D10CB1FDF71DFFAC69E1
:10D5A00044B1FFF77BFE00B1EE61641E002CF8D1A0
:10D5B0000020A861E86948B14FF0010808494FF020
:10D5C00080500860BFF34F8FBFF36F8FFEF7F0FE00
:10D5D0004046BDE8F0870000040100204806002016
:10D5E00004ED00E02DE9F04383B006460A9D0F46A6
:10D5F000904699462820FEF72BF8044654B10020A7
:10D6000084F824004B464246394630460095019442
:10D61000FDF72EFD03B02046BDE8F08310B582B0C3
:10D620000024FDF7CFFB0D48006850B104210C48E1
:10D630008A010091019000230AA10C48FFF7DEFD4A
:10D64000044614B102B0204610BD502080F311886A
:10D65000BFF34F8FBFF36F8FFEE700004001002044
:10D6600044010020546D722053766300D1B4000849
:10D67000F0B583B08446089D16461F460022BCF1D3
:10D68000000F14D0164C206800B300910196CDF81D
:10D6900008C006291BDAFFF7E5FD02280FD000239A
:10D6A0001A4669462068FFF74DFA024615E05020F9
:10D6B00080F31188BFF34F8FBFF36F8FFEE7002316
:10D6C0002A4669462068FFF73DFA024605E0002336
:10D6D0003A466946FFF7EEFA024603B01046F0BD3F
:10D6E0004001002000061016000610160000000081
:10D6F0000000000001020304060708090000000002
:10D70000010203040000000000000000000000000F
:10D71000000000003F40000000000000000030005A
:10D72000400030004000000009000BC03D000BC06D
:10D730003D00090018C024407FE0224031800000F5
:10D74000180024C01B000D803240018003801C4063
:10D7500027401C80074000401000600000000000CF
:10D76000000000000000000000001F80204040205A
:10D770000000402020401F8000000000090006003B
:10D780001F80060009000000040004003F80040020
:10D790000400000000100060000000000000000015
:10D7A0000400040004000400040000000000004025
:10D7B0000000000000000000002001C0060038004A
:10D7C000400000001F802040204020401F800000BB
:10D7D000000010403FC000400000000018C0214081
:10D7E0002240244018400000108020402440244063
:10D7F0001B80000002000D0011003FC0014000002E
:10D800003C80244024402440238000001F8024408A
:10D8100024403440038000003000200027C038003E
:10D82000200000001B802440244024401B80000076
:10D830001C0022C0224022401F8000000000000087
:10D84000084000000000000000000000046000002C
:10D8500000000000000004000A0011002080404089
:10D86000090009000900090009000000000040400B
:10D87000208011000A00040018002000234024002A
:10D88000180000001F802040274029401F40000052
:10D89000004007C039000F0001C0004020403FC0D9
:10D8A000244024401B8000001F8020402040204056
:10D8B0003080000020403FC0204020401F800000FA
:10D8C00020403FC024402E4030C0000020403FC0D8
:10D8D00024402E00300000000F0010802040224025
:10D8E0003380020020403FC0040004003FC02040BD
:10D8F000204020403FC02040204000000060202009
:10D9000020203FC02000200020403FC024400B00CA
:10D9100030C0204020403FC020400040004000C0B8
:10D920003FC03C0003C03C003FC0000020403FC05F
:10D930000C4023003FC020001F802040204020409A
:10D940001F80000020403FC0244024001800000039
:10D950001F802140214020E01FA0000020403FC048
:10D960002440260019C0004018C024402440224012
:10D9700031800000300020403FC0204030000000D7
:10D9800020003F80004000403F80200020003E00FB
:10D9900001C0070038002000380007C03C0007C065
:10D9A00038000000204039C0060039C02040000087
:10D9B0002000384007C0384020000000304021C01F
:10D9C0002640384020C00000000000007FE04020DA
:10D9D00040200000000070000C00038000400000A8
:10D9E0000000402040207FE00000000000002000F8
:10D9F0004000200000000000001000100010001087
:10DA000000100010000000004000000000000000B6
:10DA1000000002800540054003C0004020003FC0D8
:10DA200004400440038000000000038004400440E0
:10DA30000640000000000380044024403FC0004036
:10DA40000000038005400540034000000000044042
:10DA50001FC0244024402000000002E00550055073
:10DA60000650042020403FC00440040003C0004092
:10DA70000000044027C0004000000000001000101B
:10DA8000041027E00000000020403FC001400700D4
:10DA900004C00440204020403FC00040004000003F
:10DAA00007C0040007C0040003C00000044007C012
:10DAB0000440040003C00040000003800440044010
:10DAC00003800000041007F00450044003800000AD
:10DAD000000003800440045007F00010044007C019
:10DAE000024004000400000000000640054005401C
:10DAF00004C00000000004001F800440004000003B
:10DB0000040007800040044007C0004004000700F4
:10DB100004C0018006000400060001C0070001C027
:10DB200006000000044006C0010006C004400000DA
:10DB30000410071004E00180060004000000044007
:10DB400005C00640044000000000000004007BE027
:10DB500040200000000000000000FFF00000000076
:10DB6000000040207BE00400000000004000800036
:10DB700040002000200040000000000000000000E5
:10DB800000000000000000000000000000001FCCAA
:10DB9000000C0000000000000000080030006000E1
:10DBA0000800300060000000022003FC1E2002205C
:10DBB00003FC1E200220000000000E1811043FFF8D
:10DBC00010840C78000000000F0010840F3800C093
:10DBD000077818840078000000780F8410C411249E
:10DBE0000E9800E40084000808006800700000003F
:10DBF000000000000000000000000000000007E03E
:10DC000018182004400200000000400220041818E8
:10DC100007E00000000000000240024001800FF019
:10DC200001800240024000000080008000800FF868
:10DC300000800080008000000001000D000E000048
:10DC40000000000000000000000000800080008054
:10DC500000800080008000800000000C000C0000AC
:10DC60000000000000000000000000060018006036
:10DC70000180060018002000000007F008081004CA
:10DC80001004080807F000000000080408041FFC46
:10DC9000000400040000000000000E0C101410240A
:10DCA000104411840E0C000000000C181004110424
:10DCB000110412880C700000000000E0032004240E
:10DCC00008241FFC0024000000001F981084110489
:10DCD0001104108810700000000007F0088811047B
:10DCE000110418880070000000001C00100010FCD7
:10DCF00013001C001000000000000E3811441084B6
:10DD0000108411440E38000000000700088C1044F5
:10DD10001044088807F00000000000000000030C19
:10DD2000030C0000000000000000000000010106DC
:10DD30000000000000000000000000800140022000
:10DD40000410080810040000022002200220022013
:10DD50000220022002200000000010040808041025
:10DD6000022001400080000000000E001200100C94
:10DD7000106C10800F00000003E00C1813E4142452
:10DD800017C4082807D000000004003C03C41C404E
:10DD9000074000E4001C000410041FFC11041104DF
:10DDA00011040E880070000003E00C181004100429
:10DDB000100410081C10000010041FFC10041004B4
:10DDC0001004080807F0000010041FFC11041104DF
:10DDD00017C410040818000010041FFC11041100DF
:10DDE00017C010000800000003E00C181004100415
:10DDF00010441C780040000010041FFC10840080B8
:10DE0000008010841FFC10040000100410041FFC8C
:10DE100010041004000000000003000110011001B4
:10DE20001FFE10001000000010041FFC11040380EE
:10DE30001464181C1004000010041FFC10040004DB
:10DE400000040004000C000010041FFC1F0000FC74
:10DE50001F001FFC1004000010041FFC0C04030032
:10DE600000E010181FFC100007F008081004100450
:10DE70001004080807F0000010041FFC1084108034
:10DE8000108010800F00000007F0081810241024E4
:10DE9000101C080A07F2000010041FFC11041100F6
:10DEA00011C011300E0C000400000E1C110410846F
:10DEB000108410441C3800001800100010041FFCCF
:10DEC000100410001800000010001FF810040004D7
:10DED000000410041FF8100010001E0011E0001CC8
:10DEE000007013801C0010001FC0103C00E01F00D9
:10DEF00000E0103C1FC000001004180C163401C0D4
:10DF000001C01634180C100410001C00130400FC8F
:10DF100013041C00100000000804101C106410847E
:10DF200013041C04101800000000000000007FFE15
:10DF30004002400240020000000030000C0003805C
:10DF40000060001C0003000000004002400240028C
:10DF50007FFE0000000000000000000020004000E4
:10DF6000400040002000000000010001000100010D
:10DF700000010001000100010000400040002000FD
:10DF8000000000000000000000000098012401448F
:10DF90000144014400FC000410001FFC008801043F
:10DFA0000104008800700000000000700088010477
:10DFB00001040104008800000000007000880104D2
:10DFC000010411081FFC0004000000F80144014492
:10DFD0000144014400C800000000010401040FFCDA
:10DFE0001104110411001800000000D601290129B4
:10DFF000012901C90106000010041FFC0084010072
:10E000000100010400FC000400000104190419FCD3
:10E0100000040004000000000000000300010101F2
:10E02000190119FE0000000010041FFC002400402C
:10E0300001B4010C010400000000100410041FFCD6
:10E040000004000400000000010401FC01040100C0
:10E0500001FC0104010000FC010401FC008401003A
:10E060000100010400FC0004000000F801040104A8
:10E070000104010400F80000010101FF0085010412
:10E080000104008800700000000000700088010496
:10E090000104010501FF00010104010401FC0084E9
:10E0A0000104010001800000000000CC01240124D3
:10E0B000012401240198000000000100010007F87C
:10E0C0000104010400000000010001F80004000444
:10E0D0000004010801FC0004010001800170000C33
:10E0E000001001600180010001F0010C003001C04E
:10E0F0000030010C01F0010000000104018C0074EB
:10E100000170018C01040000010101810171000E08
:10E11000001801600180010000000184010C01343D
:10E1200001440184010C0000000000000000000018
:10E1300001003EFC40024002000000000000000020
:10E14000FFFF0000000000000000400240023EFC13
:10E15000010000000000000000006000800080005E
:10E1600040004000200020000000000000000000EF
:10E17000000000000000000000000000000000009F
:10E18000000000000000000000000000000000008F
:10E1900000000000000000000000000F80380FFEAB
:10E1A000380F803800000000000000000000000070
:10E1B0000000000000000100000600000C00003814
:10E1C00000003100000600000C00003800003000A4
:10E1D000000000000000000061800067F807F9807F
:10E1E0000061800061800061800061800067F80745
:10E1F000F98000618000000000000000000001C004
:10E20000E003E0F00630080418081FFFFE040E08C3
:10E210000787F00381E000000000000001F0000625
:10E220000C00040408060C7001F9C0000E00003B4D
:10E23000E000EC18070808040C180003E0000000D8
:10E240000001E00007F003F818041C080417080791
:10E25000E1D003C0E00023B0003C0800200800002B
:10E26000100000000000000100003100003200003A
:10E270001C00000000000000000000000000000082
:10E28000000000000000000000000000000000008E
:10E2900000000000000000007F0001FFC00780F0C8
:10E2A0000C001810000420000200000000000020F4
:10E2B00000021000040C00180780F001FFC0007F6E
:10E2C000000000000000000000000000000000004E
:10E2D000000000004200006600006600003C0000F4
:10E2E000180003FFC0001800003C00006600006634
:10E2F00000004200000000000800000800000800C4
:10E3000000080000080001FFC0000800000800002D
:10E3100008000008000008000000000000010000E4
:10E320003100003200001C0000000000000000006E
:10E3300000000000000000000000000000000000DD
:10E34000080000080000080000080000080000089D
:10E35000000008000008000008000008000000009D
:10E360000000000000000000380000380000380005
:10E37000000000000000000000000000000000009D
:10E380000000000000000000000600001C000070FB
:10E39000000180000E0000380000C0000700001CD3
:10E3A0000000300000000000000000007F8001FF3E
:10E3B000E003807006001804000804000806001836
:10E3C00003807001FFE0007F80000000000000007B
:10E3D000000001000801000801000803FFF807FF22
:10E3E000F80000080000080000080000000000001D
:10E3F00000000001C03802C058040098040118044D
:10E400000218040418061C1803F81801E0F80000AC
:10E410000000000000000001C0E003C0F00400089C
:10E4200004080804080806180803F41801E7F000B7
:10E4300001E0000000000000000000000300000DEB
:10E440000000110000610000810803010807FFF8C7
:10E450000FFFF800010800010800000000000000A4
:10E4600000E007FCD0060808061008061008061091
:10E4700008061838060FF00607C00000000000006C
:10E48000000000003F8001FFE00384300208180410
:10E490001008041008041008071810030FF00007F4
:10E4A000C000000000000000000003C000070000E2
:10E4B0000600000600F80607F806180006E0000748
:10E4C000000006000000000000000001E1E003F78A
:10E4D000F0063410041808041808040C08040C088A
:10E4E00006161803F3F001C1E00000000000000070
:10E4F000F80003FC30030638040208040208040292
:10E50000080404100308F001FFC0007F00000000B1
:10E5100000000000000000000000000000000000FB
:10E5200070380070380070380000000000000000F3
:10E5300000000000000000000000000000000000DB
:10E5400000000000301A00301C0000000000000035
:10E5500000000000000000000000000000000008B3
:10E5600000001400002200004100008080010040F3
:10E570000200200400100800080000000000000055
:10E5800021000021000021000021000021000021C5
:10E5900000002100002100002100002100000000F7
:10E5A0000000000000000800080400100200200124
:10E5B000004000808000410000220000140000089C
:10E5C0000000000000000003C00004C000040000C0
:10E5D000080038080F380808380810000C30000709
:10E5E000E00003C000000000000000003F8000FFCA
:10E5F000E0038070020F1006708804C0880483084E
:10E60000047F8802C09003012000FE400000080043
:10E6100000180001F8003E0801C20007020007E2EE
:10E620000000FE00001FC80001F8000038000008CC
:10E6300004000807FFF807FFF804080804080804A6
:10E64000080804080806180803F41801E7F0000198
:10E65000E0000000000000003F8001FFE003807048
:10E660000200180400080400080400080400100652
:10E6700000200780C000000004000807FFF807FF23
:10E68000F804000804000804000804001802001040
:10E6900003807001FFE0007F800000000400080795
:10E6A000FFF807FFF804080804080804080804082D
:10E6B00008043E080400080600180100600000007D
:10E6C00004000807FFF807FFF8040808040800041E
:10E6D0000800040800043E00060000060000018057
:10E6E00000000000000000003F8001FFE003807098
:10E6F0000600180400080402080402080203F007D8
:10E7000083F000020000020004000807FFF807FF82
:10E71000F8040808000800000800000800000800CD
:10E7200004080807FFF807FFF804000800000000CD
:10E73000000004000804000804000807FFF807FFB1
:10E74000F8040008040008040008000000000000AD
:10E7500000000000000600000700000104000104A2
:10E76000000104000307FFFE07FFFC040000040093
:10E770000004000004000807FFF807FFF8040C0875
:10E78000001800003E0004C7800503C80600F80416
:10E79000003804001800000804000807FFF807FF0D
:10E7A000F804000800000800000800000800000845
:10E7B00000000800001800006000000004000807C6
:10E7C000FFF807800807FC00007FC00003F800077F
:10E7D000C000780007800807FFF807FFF80400086A
:10E7E00004000807FFF807000803C00000E000006D
:10E7F0003800001E000007000001C00400F007FF01
:10E80000F8040000000000007F8001FFE00380703A
:10E810000600180400080400080600180300300170
:10E82000FFE0007F8000000004000807FFF807FFFA
:10E83000F8040408040400040400040400040400B0
:10E84000060C0003F80001F00000000000000000CA
:10E850007F8001FFE00380700600880400880400C8
:10E86000C806003C03003E01FFE6007F8400000074
:10E8700004000807FFF807FFF8040808040800046C
:10E880000C00040F00040BC00610F003F03801E088
:10E890000800000800000001E0F803F03006301026
:10E8A000041808041808040C08040C0802061802CE
:10E8B00007F00781E000000001800006000004006E
:10E8C0000004000004000807FFF807FFF804000830
:10E8D000040000040000060000018000040000079E
:10E8E000FFE007FFF0040018000008000008000027
:10E8F0000800000800000804001007FFE004000002
:10E9000004000006000007E00007FE00041FE0000E
:10E9100001F80000380001E0043E0007C0000600D6
:10E920000004000004000007E00007FFC0041FF817
:10E930000007C007F80007FF80043FF80007C00485
:10E94000F8000700000400000000000400080600B2
:10E950001807C07805F1C8003E00001F800463E876
:10E960000780F806001804000800000004000006F4
:10E97000000007800007E008047C08001FF800077B
:10E98000F800180804E00807000006000004000072
:10E990000000000100080600380400F80403E80441
:10E9A0000F08047C0805F00807C0080700180400D9
:10E9B00060000000000000000000000000000000F7
:10E9C0000000003FFFFE2000022000022000022085
:10E9D000000220000200000000000000000008000B
:10E9E0000007000000C0000038000006000001C061
:10E9F00000003000000E00000100000000000000D8
:10EA0000000020000220000220000220000220005E
:10EA1000023FFFFE000000000000000000000000B8
:10EA2000000000000000000000080000100000309E
:10EA3000000020000030000010000008000000006E
:10EA400000000000000001000001000001000001C2
:10EA500000000100000100000100000100000100B1
:10EA600000010000010000010000000000000000A3
:10EA70000020000020000010000010000000000036
:10EA80000000000000000000000000000000000086
:10EA900000F00019F8001B180022080026080024C6
:10EAA00008002410003FF8001FF8000008000018BC
:10EAB00000000004000007FFF80FFFF00018180026
:10EAC0001008002008002008003018001FF0000F78
:10EAD000C00000000000000007C0001FF000183058
:10EAE000002008002008002008003C08001C10003E
:10EAF00000600000000000000000000007C0001FD0
:10EB0000F000381800200800200800200804101029
:10EB100007FFF80FFFF000001000000000000000E9
:10EB200000000007C0001FF0001230002218002271
:10EB300008002208003208001E10000E200000000D
:10EB400000000000200000200800200801FFF8035A
:10EB5000FFF806200804200804200807200003000E
:10EB60000000000000000000000E000E6E001FF309
:10EB70000031B10020B10020B1003191001F13001D
:10EB80002E1E00200E00300000000004000807FFC9
:10EB9000F80FFFF8001008002000002000002008F7
:10EBA000003FF8001FF8000008000000000000000F
:10EBB0000000002008002008002008063FF8063F5B
:10EBC000F800000800000800000800000000000035
:10EBD000000000000000000003000003002001000E
:10EBE0002001002003063FFE063FFC00000000005D
:10EBF0000000000000000004000807FFF80FFFF805
:10EC0000000188000300002FC00038F80020380001
:10EC100020080000080000000000000000000400C0
:10EC20000804000804000807FFF80FFFF8000008B8
:10EC3000000008000008000000000000002008009C
:10EC40003FF8003FF8001008002000003FF8003FA8
:10EC5000F8001008002000003FF8003FF80000080E
:10EC6000000000002008003FF8003FF800100800F6
:10EC70001000002000002008003FF8001FF80000EE
:10EC8000080000000000000007C0000FF00018306E
:10EC9000003008002008002008003008001830006C
:10ECA0000FF00007C0000000000000002001003F3E
:10ECB000FF003FFF0010110020090020080020087D
:10ECC000003038001FF0000FC000000000000000FE
:10ECD00007C0001FF000381800200800200800209E
:10ECE00009001011001FFF003FFF0000010000009D
:10ECF000002008002008002008003FF8003FF8002E
:10ED00000808001008002008002000003000003033
:10ED100000000000000000000000000C78001E1839
:10ED200000330800230800210800218800219800F2
:10ED300030F00038600000000000000020000020DB
:10ED40000000200000FFF003FFF80020080020086A
:10ED5000002008000030000000000000000000005B
:10ED60002000003FF0007FF80000180000080000BD
:10ED700008002010003FF8007FF0000010000000A5
:10ED8000000000002000003000003C00003F800038
:10ED900023F0000078000070002380003C00003069
:10EDA00000002000002000003C00003FE00023F8AD
:10EDB0000000E0002700003E00003FE00021F800D6
:10EDC00001E0003E000020000000000020080020BC
:10EDD00008003838003E680027800003C8002CF87F
:10EDE0000038380020180020080000000000000053
:10EDF0002000003003003C01003F830023EC0000B2
:10EE000070002380003C0000200000200000000073
:10EE10000000000000000038080020380020F80042
:10EE200023E8002F88003E08003808002018000062
:10EE30007000000000000000000000000000000062
:10EE40000000000008000014001FF7FC300006203E
:10EE500000020000000000000000000000000000B0
:10EE600000000000000000000000FFFFFF000000A5
:10EE70000000000000000000000000000000000092
:10EE800000002000023000061FF7FC0014000008FC
:10EE90000000000000000000000000000000000072
:10EEA000000000180000600000400000400000204A
:10EEB00000001000000800000400000400000C0026
:10EEC0000010000000000000000000000000000032
:10EED0000000000000000000000000000000000032
:10EEE0000000000000000000000000000000000022
:10EEF0000000000000000000000000000000000012
:10EF00000000000000000000000000000000000001
:10EF100000000000000000000000000007F000C03A
:10EF200007FFE1E007F001E0000000C00000000082
:10EF300000000000000000000000000000000000D1
:10EF400000000000000000000000000000200000A1
:10EF500001C00000078000001F0000001E0000002C
:10EF60001C20000001C00000078000001F000000FE
:10EF70001E0000001C000000000000000000000057
:10EF8000000000000000000000180C0000180C0039
:10EF900000180FE0001FFC0003F80C0000180C0024
:10EFA00000180C0000180C0000180C0000180FE0EE
:10EFB000001FFC0003F80C0000180C0000180C00E7
:10EFC00000000000000000000000000000000780BA
:10EFD000007807C000FC0640010E00200307002057
:10EFE000020380200FFFFFFC0201C0200200E0604E
:10EFF0000130704001F03F8000F01F000000000071
:10F000000000000000FE000001FF0000030180007E
:10F0100002008060030181C001FF070000FE1800AC
:10F020000000E0000003BF00000CFFC00071806022
:10F0300001C10020030180600000FFC000003F000C
:10F040000000000000001F0000007FC000FCC0C0E6
:10F0500001FF80600303E0200202782002061E20E8
:10F0600003FC074001F00380000103C000011C60A5
:10F070000001E020000100200001004000000180AC
:10F080000000000000000000002000001C600000E4
:10F090001C4000001F8000000F0000000000000066
:10F0A0000000000000000000000000000000000060
:10F0B0000000000000000000000000000000000050
:10F0C0000000000000000000000000000000000040
:10F0D0000000000000000000000000000000000030
:10F0E0000007F800003FFF00007807C001C000E003
:10F0F00003000030040000080800000410000002B3
:10F1000000000000000000001000000208000004E1
:10F11000040000080300003001C000E0007807C0D0
:10F12000003FFF000007F8000000000000000000A2
:10F1300000000000000000000000000000000000CF
:10F14000000000000000000000000000000C18009B
:10F15000000E3800000E380000063000000360008A
:10F160000061438000FFFF800061430000036000F6
:10F1700000063000000E3800000E3800000C1800A9
:10F1800000000000000000000000000000008000FF
:10F19000000080000000800000008000000080006F
:10F1A00000008000007FFF00000080000000800061
:10F1B000000080000000800000008000000080004F
:10F1C000000000000000000000000001000000E35B
:10F1D000000000E2000000FC0000007800000000D9
:10F1E000000000000000000000000000000000001F
:10F1F000000000000000000000000000000000000F
:10F2000000000000000000000000800000008000FE
:10F2100000008000000080000000800000008000EE
:10F2200000008000000080000000800000008000DE
:10F2300000008000000080000000800000008000CE
:10F24000000000000000000000000000000000C0FE
:10F25000000001E0000001E0000000C0000000002C
:10F26000000000000000000000000000000000009E
:10F27000000000000000000000000000000000008E
:10F2800000000000000000000000000C000000383A
:10F29000000000E00000038000000E0000003800C5
:10F2A0000000E00000038000000E000000380000B5
:10F2B00000E00000038000000E00000018000000C5
:10F2C000000000000000000000000000000FF80037
:10F2D000007FFF0000F00780018000C00300006095
:10F2E0000200002002000020020000200300006055
:10F2F000018000C000E00380007FFF00000FF800E5
:10F3000000000000000000000000000000000000FD
:10F31000008000200080002000800020008000602D
:10F3200001FFFFE003FFFFE000000060000000209D
:10F33000000000200000002000000000000000008D
:10F34000000000000000000000000000007800E065
:10F350000098016001000260020004600200086081
:10F360000200106002002060020040600300806024
:10F370000183006001FE00E0007C078000000000C7
:10F3800000000000000000000000000000F0078006
:10F3900001F007C00100004002000020020100202F
:10F3A000020100200201002003038020018680402A
:10F3B00001FCC0C000787F8000001E00000000003B
:10F3C00000000000000000000000080000003800FD
:10F3D000000048000001880000060800000C08102A
:10F3E000003008100040081001FFFFF003FFFFF09D
:10F3F00003FFFFF0000008100000081000000810D4
:10F400000000000000000000000000000000078075
:10F41000001F864003E100200302002003040020B7
:10F42000030400200304002003040020030600401E
:10F43000030301C00301FF8003007E000000000001
:10F440000000000000000000000000000007FC00B9
:10F45000003FFF000070C380008180C00101006098
:10F46000030200200202002002020020020200200B
:10F470000203004001C180C000C0FF8000007E0088
:10F4800000000000000000000000000000F000008C
:10F4900003C000000380000003000000030007E039
:10F4A00003003FE00301C000030600000318000052
:10F4B0000360000003800000030000000000000063
:10F4C000000000000000000000001F0000783F80E6
:10F4D00000FC60C0018EC0400307802002030020B2
:10F4E00002018020020180200201C0200301E040CF
:10F4F000018670C000FC3F8000781F000000000003
:10F500000000000000000000003F000000FF81C07C
:10F5100001C0C1C0010060200200202002002020A4
:10F520000200202002002060020040C00100C180D3
:10F5300000C18F00007FFE00001FF00000000000EF
:10F5400000000000000000000000000000000000BB
:10F55000000000000000000000000000000300C0E8
:10F56000000781E0000781E0000300C00000000008
:10F57000000000000000000000000000000000008B
:10F58000000000000000000000000000000000007B
:10F5900000000000000000000000000000060066FF
:10F5A00000060078000000000000000000000000DD
:10F5B000000000000000000000000000000000004B
:10F5C00000000000000000000000000000008000BB
:10F5D0000001C0000003600000063000000C1800AD
:10F5E00000180C00003006000060030000C001801D
:10F5F0000100004002000020040000100000000094
:10F6000000000000000000000004100000041000D2
:10F61000000410000004100000041000000410009A
:10F62000000410000004100000041000000410008A
:10F63000000410000004100000041000000410007A
:10F6400000000000000000000000000004000010A6
:10F65000020000200100004000C0018000600300A3
:10F660000030060000180C00000C180000063000E6
:10F67000000360000001C0000000800000000000E6
:10F680000000000000000000000000000078000002
:10F6900001F800000238000002000000040000C071
:10F6A000040079E0040081E0040100C004030000CC
:10F6B000020200000306000001FC000000F8000048
:10F6C0000000000000000000000FF800003FFE00F6
:10F6D0000070078000C000C00101F8400307FC2053
:10F6E000021E04200230082002203020023FFC20AD
:10F6F000013F044001800CC000E03180001FC200C7
:10F70000000000000000002000000060000003E096
:10F7100000003E200003E020003E200003E0200027
:10F720000380200007FC2000003FE0000003FE20D3
:10F7300000003FE0000001E0000000200000002089
:10F740000000000000000000020000200200002075
:10F7500003FFFFE003FFFFE00201002002010020A1
:10F76000020100200201002002010020030300200A
:10F770000186806001FCC0C000F87F8000001F008F
:10F7800000000000000000000007F800003FFF003C
:10F790000070078000C000C001000040030000208E
:10F7A00002000020020000200200002002000020D1
:10F7B00001000040018000C003C00180003006004D
:10F7C00000000000000000000200002002000020F5
:10F7D00003FFFFE003FFFFE0020000200200002023
:10F7E0000200002002000020030000600100004031
:10F7F000018000C000F00780007FFE00000FF800CD
:10F8000000000000000000000200002002000020B4
:10F8100003FFFFE003FFFFE00201002002010020E0
:10F8200002010020020100200201002002038020CA
:10F83000020FE0200300006003C000E0006003004E
:10F840000000000000000000020000200200002074
:10F8500003FFFFE003FFFFE00201002002010020A0
:10F86000020100000201000002010000020100008C
:10F8700002038000030FE0000300000003C000004B
:10F8800000600000000000000007F800003FFE00DC
:10F890000070078001C001C001000040030000208B
:10F8A00002000020020000200200002001002020B1
:10F8B0000100204003C03F8000303F800000200056
:10F8C00000002000020000200200002003FFFFE0F3
:10F8D00003FFFFE002008020020080200000800083
:10F8E00000008000000080000200802002008020D4
:10F8F00003FFFFE003FFFFE0020000200200002002
:10F9000000000000000000000000000000000000F7
:10F91000020000200200002002000020020000205F
:10F9200003FFFFE003FFFFE00200002002000020D1
:10F930000200002002000020000000000000000083
:10F9400000000000000000000000000E0000000F9A
:10F950000000000F00000001020000010200000191
:10F96000020000030200000603FFFFFC03FFFFF894
:10F97000020000000200000002000000020000007F
:10F980000000000000000000020000200200002033
:10F9900003FFFFE003FFFFE00200C02002010020A0
:10F9A00000078000000FE0000030F80002603E20F9
:10F9B00003800F20030003E0020000E002000020AB
:10F9C00000000020000000000200002002000020D3
:10F9D00003FFFFE003FFFFE0020000200200002021
:10F9E0000000002000000020000000200000002097
:10F9F0000000002000000060000000E000000300A4
:10FA000000000000020000200200002003FFFFE0D1
:10FA100003E0002003FF0020001FF0000001FF8032
:10FA200000000FE000001E000003E000003E002088
:10FA300003E0002003FFFFE003FFFFE002000020DF
:10FA400002000020020000200200002003FFFFE06F
:10FA50000380002003F0002000FC0000001F0000D5
:10FA60000007C0000001F00000007C0002001F80C1
:10FA7000020007E003FFFFE00200000002000000B8
:10FA80000000000000000000000FF800003FFE0032
:10FA900000F00780018000C001000040020000204B
:10FAA00002000020020000200200002001000040AF
:10FAB000018000C000F00380003FFE00000FF8004E
:10FAC00000000000000000000200002002000020F2
:10FAD00003FFFFE003FFFFE0020080200200802020
:10FAE000020080000200800002008000020080000E
:10FAF000030180000183000000FE0000007C000084
:10FB00000000000000000000000FF800007FFF0070
:10FB100000F00380018001C00100064002000420C3
:10FB20000200042002000620020003E0010000F8A9
:10FB30000180005C00E0038C003FFF0C000FFC180C
:10FB40000000000000000000020000200200002071
:10FB500003FFFFE003FFFFE002010020020100209D
:10FB6000020180000201E0000201FC0003033F806B
:10FB7000018607E001FC00E000F800200000002002
:10FB800000000000000000000000000000780600F7
:10FB900000FE01E0018600C00303004002030020D4
:10FBA00002018020020180200201C0200200C0204A
:10FBB0000100E060018070C003E03F8000001F0092
:10FBC0000000000000000000006000000380000052
:10FBD00003000000020000000200002002000020DC
:10FBE00003FFFFE003FFFFE002000020020000200F
:10FBF00002000000020000000380000000E000009E
:10FC000000000000020000000200000003FFFF00EF
:10FC100003FFFFC00200004002000060000000205F
:10FC20000000002000000020000000200200004032
:10FC30000200008003FFFF0002000000020000003D
:10FC400000000000000000000200000002000000B0
:10FC500003C0000003FC0000023FC0000003F800E6
:10FC600000007F80000007E00000078000007800AF
:10FC70000203C000023C000003C0000002000000BC
:10FC8000020000000200000003C0000003FF80002B
:10FC9000023FFE0002007FE000000F000200F000C3
:10FCA00003EF000003FF8000020FFE0000003FE0B2
:10FCB00000001F000207E00003F80000030000003E
:10FCC00002000000000000000200002002000020EE
:10FCD000038000E003F0032002FC0C20021F300030
:10FCE0000007C0000007F00002187C0002601F201F
:10FCF000038003E0020000E002000020000000207A
:10FD000000000000000000000200000003000000EE
:10FD100003C0000003F80000023E0020020FC020D4
:10FD20000001FFE000007FE000038020021C0020B3
:10FD300002700000038000000200000002000000CA
:10FD4000000000000000000000000020006000E053
:10FD5000038003E003000FA002003E200200F82011
:10FD60000203E020020F8020023E002002780020E3
:10FD700003E00060038000E00200030000000000D8
:10FD80000000000000000000000000000000000073
:10FD90000000000000000000000000001FFFFFFC4A
:10FDA0001000000410000004100000041000000403
:10FDB0001000000410000004100000040000000007
:10FDC0000000000000000000000000000000000033
:10FDD0000700000003C0000000780000001E0000C3
:10FDE0000003C0000000F00000001E0000000780BB
:10FDF000000000F00000003C0000000600000000D1
:10FE000000000000000000000000000010000004DE
:10FE10001000000410000004100000041000000492
:10FE200010000004100000041FFFFFFC0000000091
:10FE300000000000000000000000000000000000C2
:10FE400000000000000000000000000000000000B2
:10FE50000000000002000000040000000800000094
:10FE6000180000001000000018000000180000003A
:10FE7000040000000200000000000000000000007C
:10FE8000000000000000000100000001000000016F
:10FE9000000000010000000100000001000000015E
:10FEA000000000010000000100000001000000014E
:10FEB000000000010000000100000001000000013E
:10FEC0000000000100000000000000000000000031
:10FED00010000000100000001000000018000000DA
:10FEE0000800000004000000000000000000000006
:10FEF0000000000000000000000000000000000002
:10FF000000000000000000000000038000018FC01E
:10FF100000038C600006182000041020000410204C
:10FF20000004202000042040000620400003FFC001
:10FF30000001FFE00000002000000020000000C0E1
:10FF400000000000000000000200000002000000AD
:10FF500003FFFFE007FFFFC0000180C00002006058
:10FF60000002002000040020000400200004002003
:10FF700000060040000300C00001FF800000FE00FA
:10FF800000000000000000000000000000007E00F3
:10FF90000001FF80000381C0000200400006002035
:10FFA00000040020000400200004002000060020BF
:10FFB0000003C0400001C0800000030000000000FA
:10FFC00000000000000000000000000000007E00B3
:10FFD0000001FF80000380C00006006000040020D4
:10FFE00000040020000400200204004002020080FF
:10FFF00003FFFFE007FFFFC00000004000000040DB
:020000040801F1
:1000000000000000000000000000000000007E0072
:100010000001FF80000311C00002104000041060C6
:1000200000041020000410200004102000061020FE
:10003000000310400001F0C000007100000000004B
:1000400000000000000000000000000000040000AC
:10005000000400200004002000040020007FFFE0D6
:1000600001FFFFE00104002003040020020400203F
:1000700002040020020400000200000001C0000091
:1000800001C0000000000000000000000000001C93
:100090000000E33E0003FFC200020CC3000404C1E1
:1000A000000404C1000404C1000404C100060CC122
:1000B0000003F8C30005F0620006007E0006003C65
:1000C00000000000000000000200002002000020EC
:1000D00003FFFFE007FFFFE0000100200002002017
:1000E00000060000000400000004000000040020DE
:1000F000000600200003FFE00001FFE000000020F8
:1001000000000020000000000000000000000000CF
:10011000000400200004002000040020000400204F
:100120000387FFE0038FFFE0038000200000002032
:10013000000000200000002000000000000000007F
:1001400000000000000000000000000000000000AF
:100150000000000600000007000000010000000190
:100160000004000100040001000400030004000674
:100170000387FFFC038FFFF80380000000000000EE
:10018000000000000000000002000020020000202B
:1001900003FFFFE007FFFFE0000008200000102041
:1001A000000030000000FC0000058E00000707A0E2
:1001B000000601E0000400E0000400200000002030
:1001C000000000000000000000000000000000002F
:1001D0000200002002000020020000200200002097
:1001E00003FFFFE007FFFFE0000000200000002009
:1001F00000000020000000200000000000000000BF
:100200000000000000000000000400200007FFE0E4
:10021000000FFFE0000200200004000000040020A6
:100220000007FFE00003FFE00002002000040000E0
:10023000000400200007FFE00003FFE000000020B2
:100240000000000000000000000400200004002066
:100250000007FFE0000FFFE0000100200002002087
:100260000002000000040000000400000004002060
:10027000000600200003FFE00001FFE00000002076
:1002800000000020000000000000000000007E00D0
:100290000000FF80000381C0000200400006002033
:1002A00000040020000400200004002000060020BC
:1002B00000020040000381C00001FF8000007E00BA
:1002C0000000000000000000000400010004000124
:1002D0000007FFFF000FFFFF000100C10002004107
:1002E000000400200004002000040020000400207E
:1002F00000060040000301C00001FF8000007E00F6
:1003000000000000000000000000000000007E006F
:100310000001FF80000380C0000200600004002094
:10032000000400200004002000040020000200411E
:10033000000300C10003FFFF0007FFFF00000001F2
:100340000000000100000000000400200004002064
:100350000004002000040020000FFFE0000FFFE079
:100360000000C02000010020000200200006002044
:10037000000400000004000000070000000300006B
:10038000000000000000000000000000000003E08A
:100390000001C0E00003E0400006302000043020EF
:1003A00000041820000418200004182000040C2069
:1003B00000020C60000307C00007838000000000FB
:1003C0000000000000000000000000000004000029
:1003D0000004000000040000000C0000001FFF806B
:1003E00000FFFFC0000400600004002000040020A3
:1003F0000004002000040040000001800000000014
:1004000000000000000000000004000000040000E4
:100410000007FF80000FFFC0000000600000002008
:100420000000002000000020000000200004004028
:10043000000400800007FFE0000FFFC00000004044
:100440000000004000000000000400000004000064
:10045000000780000007F0000004FE0000041FC039
:10046000000003E00000038000001C0000046000A6
:1004700000078000000600000004000000000000EB
:100480000000000000040000000600000007C0009B
:100490000007FC0000043F80000003E000040F8020
:1004A0000006F0000007F0000007FF8000040FE0E6
:1004B0000000038000043C000007C00000060000AC
:1004C00000040000000000000000002000040020E4
:1004D00000040060000700E0000783200007E6003A
:1004E0000004F80000003C0000045E20000587A026
:1004F000000601E00004006000040020000000206D
:1005000000000000000000000004000000040003E0
:10051000000700030007E0010004F80100041F02C7
:10052000000007FC000000E00000070000043800A5
:100530000007C000000600000004000000040000E6
:1005400000000000000000000000000000078060C4
:10055000000600E0000403E0000407A000040E20F1
:1005600000043C20000470200005E02000078020EB
:1005700000070060000400E00000038000000000AD
:10058000000000000000000000000000000000006B
:10059000000000000000000000000000000000005B
:1005A00000008000000080000001400007FE3FF8CE
:1005B000080000041000000210000002000000000B
:1005C000000000000000000000000000000000002B
:1005D000000000000000000000000000000000001B
:1005E00000000000FFFFFFFF00000000000000000F
:1005F00000000000000000000000000000000000FB
:1006000000000000000000000000000010000002D8
:10061000100000020800000407FE3FF8000140003F
:1006200000008000000080000000000000000000CA
:1006300000000000000000000000000000000000BA
:100640000000000000000000180000003000000062
:1006500040000000400000004000000020000000BA
:10066000300000000800000004000000020000004C
:1006700002000000020000000C0000001800000052
:10068000000000000000000000000000000000006A
:100690000007F800001FFE00003FFF00007FFF8002
:1006A000007FFFC000FFFFE000F001E001E000E09C
:1006B0000180007001800030030000100300001072
:1006C00002000010020000100300001003000010E0
:1006D000010000300180003001C0007001E001E045
:1006E00000FC0FE000FFFFC0007FFFC0003FFF8065
:1006F000001FFF00000FFC000000000000000000D1
:1007000000000000000000000000000000000000E9
:1007100000000000000000000000000000000000D9
:1007200000000000000000000000000000000000C9
:1007300000000000000000000000000000000000B9
:1007400000000000000000000000000000000000A9
:100750000000000000000000000000000000000099
:100760000000000000000000000000000000000089
:100770000000000000000000000000000000000079
:100780000000000000000000000000000000000069
:100790000000000000000000000000000000000059
:1007A0000080001000800010008000100080001009
:1007B00000800010008000100080003000FFFFF07B
:1007C00001FFFFF001FFFFF003FFFFF003FFFFF069
:1007D00000000030000000100000001000000010B9
:1007E00000000010000000100000001000000000D9
:1007F00000000000000000000000000000000000F9
:1008000000000000000000000000000000000000E8
:1008100000000000000000000000000000000000D8
:1008200000000000000000000000000000000000C8
:1008300000000000000000000000000000000000B8
:1008400000000000000000000000000000000000A8
:100850000000000000000000000000000000000098
:100860000000000000000000000000000000000088
:100870000000000000000000000000000000000078
:100880000000000000000000000000000000000068
:1008900000000030003800700078007000FC00F0AC
:1008A00000FC01F001FC01B00198033001000330AD
:1008B000010006300100063003000C300200083051
:1008C0000200183002003030020030300300603087
:1008D000030060300100C0300181C03001C3C0306E
:1008E00001FF803001FF007000FF00F0007E01F08A
:1008F000003C01E0000001000000000000000000DA
:1009000000000000000000000000000000000000E7
:1009100000000000000000000000000000000000D7
:1009200000000000000000000000000000000000C7
:1009300000000000000000000000000000000000B7
:1009400000000000000000000000000000000000A7
:100950000000000000000000000000000000000097
:100960000000000000000000000000000000000087
:100970000000000000000000000000000000000077
:100980000000000000000000000000000000000067
:1009900000000000003001C0007003C000F003E060
:1009A00000F003E001F003F0013001B0010000109D
:1009B000010000100300801002008010020080106F
:1009C0000200801002008010030080100301C0109C
:1009D0000101C0100183403001C7603001FF706029
:1009E00000FE7FE000FE3FE0007C3FC000381FC0FB
:1009F00000000F8000000600000000000000000062
:100A000000000000000000000000000000000000E6
:100A100000000000000000000000000000000000D6
:100A200000000000000000000000000000000000C6
:100A300000000000000000000000000000000000B6
:100A400000000000000000000000000000000000A6
:100A50000000000000000000000000000000000096
:100A60000000000000000000000000000000000086
:100A70000000000000000000000000000000000076
:100A800000000000000000000000000000000C005A
:100A900000000C0000001C0000003C00000074007E
:100AA000000064000000C400000184000003840012
:100AB0000007040000060410000C041000180410C5
:100AC00000380410007004100060041000C00430EE
:100AD00001FFFFF003FFFFF003FFFFF003FFFFF054
:100AE00003FFFFF0000004100000041000000410D9
:100AF00000000410000004100000041000000400B6
:100B000000000000000000000000000000000000E5
:100B100000000000000000000000000000000000D5
:100B200000000000000000000000000000000000C5
:100B300000000000000000000000000000000000B5
:100B400000000000000000000000000000000000A5
:100B50000000000000000000000000000000000095
:100B60000000000000000000000000000000000085
:100B70000000000000000000000000000000000075
:100B80000000000000000000000000000000000065
:100B900000000000000003C00000C3C001FFC3E06C
:100BA00001FFC3E001FEC3E00181833001818010B9
:100BB00001810010018100100183001001830010E9
:100BC00001830010018300100183001001830010D5
:100BD0000183001001830030018180300181C070E9
:100BE0000181FFE00181FFE00180FFC001807FC043
:100BF00001007F8000001E000000000000000000D7
:100C000000000000000000000000000000000000E4
:100C100000000000000000000000000000000000D4
:100C200000000000000000000000000000000000C4
:100C300000000000000000000000000000000000B4
:100C400000000000000000000000000000000000A4
:100C50000000000000000000000000000000000094
:100C60000000000000000000000000000000000084
:100C70000000000000000000000000000000000074
:100C80000000000000000000000000000000000064
:100C90000003FC00000FFF00001FFF80003FFFC0AB
:100CA000007FFFC0007FFFE000F0C1E000C0C07027
:100CB00001818030018180300101001001010010AC
:100CC00001030010030300100203001002030010D0
:100CD000020300100303001003C1803001E18030E3
:100CE00001E1C06001E1FFE000E0FFE000C0FFC003
:100CF00000007F8000003F000000000000000000B6
:100D000000000000000000000000000000000000E3
:100D100000000000000000000000000000000000D3
:100D200000000000000000000000000000000000C3
:100D300000000000000000000000000000000000B3
:100D400000000000000000000000000000000000A3
:100D50000000000000000000000000000000000093
:100D60000000000000000000000000000000000083
:100D70000000000000000000000000000000000073
:100D80000000000000000000000000000000000063
:100D9000000000000030000001F0000001E0000051
:100DA00001C00000018000000180000001800000FF
:100DB000018000F0018007F001800FF001803FF01A
:100DC00001807FF00180FFF00181FFF00183E000EE
:100DD00001878000018F0000019E000001BC00001F
:100DE00001F0000001E0000001E0000001C000008F
:100DF0000180000001000000000000000000000071
:100E000000000000000000000000000000000000E2
:100E100000000000000000000000000000000000D2
:100E200000000000000000000000000000000000C2
:100E300000000000000000000000000000000000B2
:100E400000000000000000000000000000000000A2
:100E50000000000000000000000000000000000092
:100E60000000000000000000000000000000000082
:100E70000000000000000000000000000000000072
:100E80000000000000000000000000000000000062
:100E900000100F80007C1FC0007E1FC000FE3FE0DE
:100EA00000FF38E001CF7060018760300103C0307F
:100EB0000103C01001038010030180100201C01063
:100EC0000201C0100200C0100200C0100200E010B9
:100ED0000300E0100101F01001017030018378304F
:100EE00001C7386000FE3FE000FE3FE0007C1FC00D
:100EF000007C0F80001007000000000000000000D0
:100F000000000000000000000000000000000000E1
:100F100000000000000000000000000000000000D1
:100F200000000000000000000000000000000000C1
:100F300000000000000000000000000000000000B1
:100F400000000000000000000000000000000000A1
:100F50000000000000000000000000000000000091
:100F60000000000000000000000000000000000081
:100F70000000000000000000000000000000000071
:100F80000000000000000000000000000000000061
:100F9000003F8000007FC000007FC0E000FFE0E075
:100FA00000FFE0F001C0F0F0018070F0010030704F
:100FB0000100301003001010020010100200101089
:100FC0000200101002001010020010100300303058
:100FD0000100207001006060018061E001C0C7E095
:100FE00000FFFFC000FFFF80007FFF00007FFE00CA
:100FF000001FFC00000FF0000000000000000000D7
:1010000000000000000000000000000000000000E0
:1010100000000000000000000000000000000000D0
:1010200000000000000000000000000000000000C0
:1010300000000000000000000000000000000000B0
:1010400000000000000000000000000000000000A0
:101050000000000000000000000000000000000090
:101060000000000000000000000000000000000080
:101070000000000000000000000000000000000070
:101080000000000000000000000000000000000060
:101090000000000000000000000000000000000050
:1010A0000000000000000000000060300000E07060
:1010B0000000F0700000F0700000F0700000F070B0
:1010C0000000E07000006030000000000000000040
:1010D0000000000000000000000000000000000010
:1010E0000000000000000000000000000000000000
:1010F00000000000000000000000000000000000F0
:1011000000000000000000000000000000000000DF
:1011100000000000000000000000000000000000CF
:1011200000000000000000000000000000000000BF
:1011300000000000000000000000000000000000AF
:10114000000000000000000000000000000000009F
:10115000000000000000000000000000000000008F
:10116000000000000000000000000000000000007F
:10117000000000000000000000000000000000006F
:101180000000000004000400FC0742004100FC03D2
:1011900044004400FF074000400040000000FC0302
:1011A00004020402FC0304020402FC03040202021F
:1011B000020281030000FE03020202020202FE0399
:1011C0000202020202020202FE0302020200E50221
:1011D0001203080208000800080008041002E001D9
:1011E00000000000F0011101F2011001F001010006
:1011F000FA03A802AC02AA02A902FC070100FA0342
:101200000802F8030902FA03A000A404A802A2003D
:10121000A100FC074000FE071201FE071201F201C7
:101220000200FA0312022201C20039070800080076
:10123000F83F040104010201F81F08010801080138
:10124000FF7F000100010001000100010000F81F04
:10125000081008100810F81F081008100810F81FD0
:101260000810081004100410021401080000F80F00
:1012700008080808080808080808F80F08080808F7
:101280000808080808080808F80F08080600892F49
:1012900069303620102018001800180018001800B7
:1012A0001800100030206010800F00000000C41FE4
:1012B00048104810C11F42104210C81F0800E43FE8
:1012C0002725242524252425F47F00000000E41F81
:1012D00028102810E11F22102210E81F880484041F
:1012E0009724A414C40C8404F47F0000800000013F
:1012F000FC7F44044404FC3F44044404C407040049
:10130000F40F240842048203610C1C70000000806A
:101310000000C00000400010E0FF3F20300010300F
:1013200000083000043000023004E0FF0F6030009D
:10133000603000603000603000FEFF3F0030000091
:10134000300000300000300000300000300000109D
:1013500000000000000000000000000002C0FF07C5
:10136000C0000280000280000280000280FF038033
:101370000002800002800002C00002C0FF03C00023
:1013800002C0000240000240000260000220000291
:10139000106002088003040001000000000000004B
:1013A0000000200004E0FF072000042000042000CB
:1013B00004200004200004200004E0FF07200004B3
:1013C0002000042000042000042000042000042049
:1013D0000004200004E0FF07200004200004200097
:1013E00000000000000000000000000000300000CD
:1013F00048F801480C164806183003180001108000
:101400000110800100800100800100800100800146
:1014100000000100000300000308000604001C0394
:1014200000F00000000000000000000000000000CC
:10143000000008000430FE0720020400020480FEC1
:10144000078202044C020448020448FE07200204FA
:1014500020000020FF1F2091081091081E910818FD
:101460009108189108189108189128F8FF7F00003A
:101470000000000000000000000008000830FE1F0F
:1014800030060820060880FE0F8206084C06085821
:10149000060848FE0F2016092010012010311011F7
:1014A000311A13191C120D08160508120308100131
:1014B0000C1021C8FF7F00000000000000000000A9
:1014C0000800003000003010F0FF3F10020110044F
:1014D00003100411F0FF3F10040110040110FC017F
:1014E00010040110000098FF071804020804010806
:1014F0008800085000047000048C0302037EE000A2
:1015000010000000000000000000E0FF0760000481
:10151000600004E0FF07600004600004E0FF0720B3
:101520000004000800401800601804E0FF0F3018A5
:1015300000101800081802E4FF0700180000180047
:10154000001810FEFF3F0000000000000000000037
:10155000000020040020C43F20C430FC9F302084C1
:1015600030208430E0873F208430208430E0873092
:1015700020C43020C43F20C430FCFF302040306005
:101580004230206C3010283008103204081C00044F
:10159000000000000000000000000000000000004B
:1015A000000000000000000000000000000000003B
:1015B0000000000010FEFF3F0000000000000000DF
:1015C000000000000000000000000000000000001B
:1015D000000000000000000000000000000000000B
:1015E0000000000000000000000000000004F0FF08
:1015F0000F000000000000000000000000000000DC
:1016000000000000000000000000000000000000DA
:101610000000000010FEFF3F00000000000000007E
:1016200000000000000000000000000000000008B2
:10163000F8FF1F0000000000000000000000000094
:101640000000000000000002F0FF070000000000A2
:10165000000000000000000000000000000000305A
:10166000FEFF7F00000000000000000000000000FE
:101670000000000010F8FF1F184218184218184206
:101680001818421818421818421818421818421808
:1016900018431818411818411898C01F9800185876
:1016A0000018380018180018F8FF1F180018180044
:1016B00018000000000000000000000008F8FF1FF4
:1016C000000C00000C00000C0000040000040000EE
:1016D0000400F0FF070006020006020002020002FA
:1016E00002000202000203000203000303000303DE
:1016F000000113FEFF3F000000000000000000009A
:101700000200000C0000180000180000100000107B
:1017100000000010FEFF3F0000000000000003007A
:10172000004300008100800101800002C0000660CB
:10173000000C200018100018080018040010020007
:101740000000000000000000000000000002000097
:101750000006000000070000000300008001000CEC
:1017600080FFFF1FC0000300400003006000030073
:1017700030000300180003008800030384FFFF0704
:101780008001030080010300800103008001030049
:101790008001030080010318FCFFFF3F00000300ED
:1017A000000003000000030000000300000003002D
:1017B000000003000000030000000300000001001F
:1017C0000000000000000000000000000000000019
:1017D0000000800000FEFF0100068000000680007F
:1017E00000068000000680000006800000068000E1
:1017F00000FEFF0000028000000280000002800066
:1018000000028000000280000002800000FEFF0055
:1018100000038000000380000003800000038000BC
:10182000800180008001800080008000C000800076
:101830006000C2003000FC001800600004002000BE
:101840000000000000000000000000000000000098
:101850008000000180FFFF03800180018001800182
:101860008001800180018001800180018001800170
:1018700080018001800180018001800180FFFF01E3
:101880008001800180018001800180018001800150
:101890008001800180018001800180018001800140
:1018A00080018001800180018001800180FFFF01B3
:1018B0008001800180018001800080000000000024
:1018C0000000000000000000000000000000000018
:1018D0000000000000000000F0013F0010C1C30044
:1018E0001061000710310006E01800040018000421
:1018F000000C0004000C0004000C0004000C0000AC
:10190000000C0000000C0000000C0000000C0000A7
:10191000000C0000000C0000001C0000001800007B
:10192000003800040030000200E0800100C0FF0029
:1019300000001F0000000000000000000000000088
:101940000000000000000000000000000000000097
:101950003010000160F0FF03C0300001C030000112
:10196000003400010032000100F2FF0100320001EA
:101970000C320001183100013031000110F1FF017B
:10198000803000018010000080000000C0040004CE
:1019900040FCFF0F408C3106608C31067C8C310698
:1019A000708C3106308C3106308C3106308C31062B
:1019B000308C3106308C3136B0FFFF3F0000000024
:1019C0000000000000000000000000000000000017
:1019D0001010000060F0FF07E0300006C030000685
:1019E000C03000060034000600F2FF070632000691
:1019F0000C320006383100063031000630F1FF07A6
:101A00008030210680106300C0006300400063182E
:101A1000600463386008630C3E186306303063026C
:101A2000303063013030E300302063003800630061
:101A3000380063003800631030FFFF3F00000000F3
:101A40000000000000000000000000000080000016
:101A500000000300000007082000021CE0FFFF3F19
:101A60006020200060E0E000606060006060600C6A
:101A7000E0FFFF1F60606000606060006060600009
:101A80006060600060E07F006060600020008000B7
:101A900020FCFF013020C0013040E00030C0600079
:101AA0001080300010001B0018000E0008001F00FE
:101AB00008C079000470E01F040E001FE201000856
:101AC0000000000000000000000000008000000195
:101AD00080FFFF038001800180018001800180017F
:101AE00080FFFF0180018001800180018001800171
:101AF0008001800180FFFF0180818001008103005F
:101B00008083010080810103C0FFFF07C0800100C6
:101B100060800100208081001080C10188FFFF03E8
:101B200004800100008001000080010000800108A5
:101B30000080011CFCFFFF3F0000000000000000CF
:101B40000000000000000000000000004020000035
:101B5000C0E10810C060F83FC0601818C0601918D4
:101B6000FCFF1F18C0601818C0601818C060181853
:101B7000C07FF81FC0601818C0601818C06018181F
:101B8000C07F1818C0601818C0601818C060F81F0F
:101B9000C0601918FCFF1B18800018188011081865
:101BA00080230C18C0E00C1860C0061860C006182E
:101BB000100003180880011F04C0000C002000045E
:101BC0000000000000000000000000000000000015
:101BD0000000000000000000000000000000000005
:101BE00000000000000000000000000000000000F5
:101BF00000000000000000000000000CFCFFFF3FA0
:101C000000000000000000000000000000000000D4
:101C100000000000000000000000000000000000C4
:101C200000000000000000000000000000000000B4
:101C300000000000000000000000000000000000A4
:101C40000000000000000000000000000000000094
:101C50000000000000000000000000000000000084
:101C60000000000000000003E0FFFF07000000008C
:101C70000000000000000000000000000000000064
:101C80000000000000000000000000000000000054
:101C90000000000000000000000000000000000044
:101CA00000000000000000080000001CFCFFFF3FD7
:101CB0000000000000000000000000000000000024
:101CC0000000000000000000000000000000000014
:101CD0000000000000000000000000040000000EF2
:101CE000F0FFFF0F000000000000000000000000F7
:101CF00000000000000000000000000000000000E4
:101D000000008001C0FFFF03000000000000000091
:101D100000000000000000000000000000000000C3
:101D2000000000000000000000000000000000189B
:101D3000FEFFFF3F00000000000000000000000068
:101D40000000000000000000000000000000000093
:101D500010000004F0FFFF0F30300C0C30300C0C82
:101D600030300C0C30300C0C30300C0C30300C0C93
:101D700030100C0C30100C0C30100C0C30180C0CFB
:101D800030180C0C30180C0C30180C0C30080C0CE3
:101D9000300C0C0C3004FC0D3006F80F3003000C36
:101DA000B001000C7000000C3000000C3000000C82
:101DB000F0FFFF0F3000000C3000000C300000047A
:101DC0000000000000000000000000000000000013
:101DD00000000006F0FFFF0F00C0000000C0000080
:101DE00000C0000000400000006000000060000033
:101DF000006000000060000000608000E0FFFF0164
:101E00000020C0000030C0000030C0000030C00022
:101E10000030C0000030C0000010C0000018C0003A
:101E20000018C0000018C0000018C0000018C00052
:101E30000008C018FCFFFF3F000000000000000089
:101E40000000000000000000000000000020000072
:101E50000060000000C0000000800100008003005E
:101E600000800300000003000000010000000018D3
:101E7000FCFFFF3F00000000000000000008000021
:101E80000018040000380800001C1000001C20008E
:101E9000000C60000006C000000680010003800303
:101EA000800100078001000FC000000E6000000EDE
:101EB0003000000C1800000C0800000004000000B6
:101EC00000000000000000000000000000400000D2
:101ED00000C0010000800100000001002000010896
:101EE000E0FFFF1F3000000C3000000638008002C9
:101EF000C0FFFF0100E0000000301000001860008B
:101F0000000CC0000002800180FFFF03807F0003FF
:101F10000081000100800300008001000080810139
:101F2000C0FFFF030080010000800100008001006D
:101F30000080010000800118FCFFFF3F000000004E
:101F40000000000000000000000000000080000011
:101F5000008003000080010000800100008001007B
:101F60000080010020800102E0FFFF0F6080010679
:101F7000608001066080000660C0000660C0000648
:101F800060C003066060060660601C0660303806AC
:101F90006018700660086006600660066001400612
:101FA000E000000660000006600000066000000619
:101FB000600018036000E003600080032000000060
:101FC000000000001F1C1F1E1F1E1F1F1E1F1E1FA4
:101FD000C95A00080D5C0008895B0008115C000804
:101FE000215B00080A00000002000000E6989FE65E
:101FF0009C9FE4B880000000E6989FE69C9FE4B8B0
:1020000089000000E6989FE69C9FE4BA8C000000DF
:10201000E6989FE69C9FE4BA94000000E6989FE64D
:102020009C9FE59B9B000000E6989FE69C9FE6979F
:10203000A5000000E6989FE69C9FE585AD000000A6
:1020400060200108000000209C010000D808000862
:10205000E02001089C01002074AB0000606A0008C9
:102060004102290109102A6A10161324F414E5B953
:10207000B414E69C8814E697A514E2848314E6B8A9
:10208000A914E6B9BF14E5BAA61CE6989F1C129FD6
:1020900014E4B8801CE4BA8C0812891CE59B9B0CE4
:1020A000129414E585AD14E5AEA494E58685180A6E
:1020B00028200108EC1F010804081AF8081A1C0857
:1020C0001A10041A34041315BC1408D1BF140831B3
:1020D000B9023D08027AFF1AAA0141021B01000061
:040000050800018965
:00000001FF
